country,location_name,latitude,longitude,timezone,last_updated_epoch,last_updated,temperature_celsius,temperature_fahrenheit,condition_text,wind_mph,wind_kph,wind_degree,wind_direction,pressure_mb,pressure_in,precip_mm,precip_in,humidity,cloud,feels_like_celsius,feels_like_fahrenheit,visibility_km,visibility_miles,uv_index,gust_mph,gust_kph,air_quality_Carbon_Monoxide,air_quality_Ozone,air_quality_Nitrogen_dioxide,air_quality_Sulphur_dioxide,air_quality_PM2.5,air_quality_PM10,air_quality_us-epa-index,air_quality_gb-defra-index,sunrise,sunset,moonrise,moonset,moon_phase,moon_illumination,year_month,month,z_temperature_celsius,temperature_celsius_is_extreme
Albania,Tirana,41.33,19.82,Europe/Tirane,1715849100,2024-05-16 10:45,19.0,66.2,Partly cloudy,6.9,11.2,320,NW,1012.0,29.88,0.1,0.0,94.0,75.0,19.0,66.2,10.0,6.0,5.0,11.4,18.4,193.6,97.3,0.9,0.1,1.1,2.0,1.0,1.0,05:21 AM,07:54 PM,12:58 PM,02:14 AM,Waxing Gibbous,55.0,2024-05-01,5,-2.5735847938774024,True
Antigua and Barbuda,Saint John's,17.12,-61.85,America/Antigua,1715849100,2024-05-16 04:45,26.0,78.8,Partly cloudy,5.6,9.0,90,E,1013.0,29.91,0.02,0.0,84.0,25.0,28.2,82.8,10.0,6.0,1.0,15.7,25.3,220.3,29.0,0.2,0.2,1.2,4.5,1.0,1.0,05:36 AM,06:32 PM,01:05 PM,01:14 AM,Waxing Gibbous,55.0,2024-05-01,5,-2.5737611141817274,True
Bangladesh,Dhaka,23.72,90.41,Asia/Dhaka,1715849100,2024-05-16 14:45,38.4,101.2,Partly Cloudy,4.3,6.8,222,SW,1006.0,29.71,0.0,0.0,31.0,30.0,41.3,106.4,10.0,6.0,9.0,4.9,7.9,520.7,188.8,8.7,4.7,49.7,57.0,3.0,6.0,05:16 AM,06:34 PM,12:28 PM,12:58 AM,Waxing Gibbous,55.0,2024-05-01,5,3.325912753973548,True
Bhutan,Thimphu,27.48,89.6,Asia/Thimphu,1715849100,2024-05-16 14:45,18.2,64.8,Patchy light rain in area with thunder,7.2,11.5,142,SE,1012.0,29.87,0.16,0.01,50.0,77.0,18.2,64.8,10.0,6.0,4.0,8.6,13.9,280.4,69.4,0.2,0.7,9.3,11.5,1.0,1.0,05:12 AM,06:44 PM,12:27 PM,01:07 AM,Waxing Gibbous,55.0,2024-05-01,5,3.659244280867033,True
Brazil,Bras,-2.08,-58.17,America/Manaus,1715849100,2024-05-16 04:45,23.1,73.6,Fog,2.5,4.0,62,ENE,1009.0,29.81,0.04,0.0,98.0,100.0,25.7,78.2,0.0,0.0,1.0,5.0,8.0,168.6,1.0,0.2,0.1,0.5,0.5,1.0,1.0,05:49 AM,05:50 PM,01:05 PM,12:39 AM,Waxing Gibbous,55.0,2024-05-01,5,-2.3168162558801564,True
Brunei Darussalam,Bandar Seri Begawan,4.88,114.93,Asia/Brunei,1715849100,2024-05-16 16:45,32.0,89.6,Patchy light rain with thunder,6.9,11.2,310,NW,1006.0,29.71,0.0,0.0,84.0,75.0,39.5,103.0,10.0,6.0,8.0,11.4,18.4,323.8,27.2,1.8,0.4,2.2,2.3,1.0,1.0,06:06 AM,06:27 PM,01:06 PM,12:54 AM,Waxing Gibbous,55.0,2024-05-01,5,3.1800411793929833,True
Bulgaria,Sofia,42.68,23.32,Europe/Sofia,1715849100,2024-05-16 11:45,12.0,53.6,Overcast,12.5,20.2,110,ESE,1021.0,30.15,0.0,0.0,77.0,100.0,10.9,51.6,10.0,6.0,3.0,17.0,27.4,233.7,57.2,4.5,0.6,3.5,4.8,1.0,1.0,06:03 AM,08:44 PM,01:41 PM,03:02 AM,Waxing Gibbous,55.0,2024-05-01,5,-2.3177367375944833,True
Cape Verde,Praia,14.93,-23.51,Atlantic/Cape_Verde,1715849100,2024-05-16 07:45,22.0,71.6,Partly cloudy,9.4,15.1,20,NNE,1014.0,29.94,0.0,0.0,69.0,75.0,24.5,76.2,10.0,6.0,6.0,11.3,18.1,181.9,45.8,0.6,0.1,6.1,23.2,1.0,1.0,06:05 AM,06:56 PM,01:28 PM,01:35 AM,Waxing Gibbous,55.0,2024-05-01,5,-3.184015713323418,True
Cambodia,Phnom Penh,11.55,104.92,Asia/Phnom_Penh,1715849100,2024-05-16 15:45,38.0,100.4,Partly cloudy,6.9,11.2,160,SSE,1005.0,29.68,0.0,0.0,45.0,50.0,42.4,108.3,10.0,6.0,9.0,9.8,15.7,1295.1,46.5,14.9,10.0,17.1,23.0,2.0,2.0,05:37 AM,06:17 PM,12:41 PM,12:43 AM,Waxing Gibbous,55.0,2024-05-01,5,4.042129677253985,True
Chile,Santiago,-33.45,-70.67,America/Santiago,1715849100,2024-05-16 04:45,1.0,33.8,Clear,4.3,6.8,50,NE,1019.0,30.09,0.0,0.0,93.0,0.0,0.3,32.5,7.0,4.0,1.0,8.7,14.0,2723.7,0.0,41.8,24.8,211.1,268.6,5.0,10.0,07:28 AM,05:50 PM,02:23 PM,12:56 AM,Waxing Gibbous,55.0,2024-05-01,5,-2.8852178797063424,True
Comoros,Moroni,-11.7,43.24,Indian/Comoro,1715849100,2024-05-16 11:45,27.5,81.5,Patchy rain nearby,14.5,23.4,161,SSE,1015.0,29.99,0.1,0.0,73.0,70.0,30.4,86.7,10.0,6.0,7.0,16.7,26.9,257.0,37.6,0.2,0.1,1.5,2.7,1.0,1.0,06:16 AM,05:51 PM,01:17 PM,12:31 AM,Waxing Gibbous,55.0,2024-05-01,5,2.4710368476229165,True
Croatia,Zagreb,45.8,16.0,Europe/Zagreb,1715849100,2024-05-16 10:45,16.0,60.8,Partly cloudy,9.4,15.1,70,ENE,1012.0,29.88,0.0,0.0,82.0,75.0,16.0,60.8,10.0,6.0,3.0,13.9,22.3,227.0,29.7,8.8,1.6,6.6,7.7,1.0,1.0,05:23 AM,08:22 PM,01:06 PM,02:38 AM,Waxing Gibbous,55.0,2024-05-01,5,-2.091448225976968,True
Dominican Republic,Santo Domingo,18.47,-69.9,America/Santo_Domingo,1715849100,2024-05-16 04:45,23.0,73.4,Partly cloudy,8.1,13.0,70,ENE,1014.0,29.94,0.0,0.0,94.0,50.0,25.3,77.6,10.0,6.0,1.0,12.5,20.2,387.2,0.5,14.4,4.5,7.0,12.6,1.0,1.0,06:05 AM,07:07 PM,01:37 PM,01:48 AM,Waxing Gibbous,55.0,2024-05-01,5,-3.0012362601909435,True
Egypt,Cairo,30.05,31.25,Africa/Cairo,1715849100,2024-05-16 11:45,27.0,80.6,Sunny,9.4,15.1,30,NNE,1019.0,30.09,0.0,0.0,32.0,0.0,25.7,78.2,10.0,6.0,7.0,12.3,19.9,217.0,127.3,6.9,13.4,11.7,33.3,1.0,1.0,06:01 AM,07:43 PM,01:26 PM,02:09 AM,Waxing Gibbous,55.0,2024-05-01,5,-2.3942104968093227,True
Gambia,Banjul,13.45,-16.58,Africa/Banjul,1715849100,2024-05-16 08:45,23.0,73.4,Sunny,10.5,16.9,290,WNW,1012.0,29.88,0.0,0.0,83.0,0.0,25.1,77.2,10.0,6.0,6.0,11.9,19.2,195.3,65.1,0.9,1.9,12.9,59.6,1.0,2.0,06:40 AM,07:26 PM,02:01 PM,02:04 AM,Waxing Gibbous,55.0,2024-05-01,5,-3.1957691985789225,True
Guinea-Bissau,Bissau,11.85,-15.58,Africa/Bissau,1715849100,2024-05-16 08:45,24.0,75.2,Partly cloudy,3.8,6.1,10,N,1013.0,29.91,0.0,0.0,89.0,75.0,25.7,78.3,8.0,4.0,7.0,7.2,11.6,176.9,50.1,0.4,0.2,15.8,55.6,2.0,2.0,06:38 AM,07:19 PM,01:58 PM,01:59 AM,Waxing Gibbous,55.0,2024-05-01,5,-3.1571688654897954,True
Haiti,Port-Au-Prince,18.54,-72.34,America/Port-au-Prince,1715849100,2024-05-16 04:45,21.0,69.8,Clear,2.5,4.0,133,SE,1014.0,29.93,0.0,0.0,88.0,18.0,21.0,69.8,10.0,6.0,1.0,5.0,8.1,674.3,65.1,9.9,7.2,10.7,20.7,1.0,1.0,06:15 AM,07:17 PM,01:47 PM,01:58 AM,Waxing Gibbous,55.0,2024-05-01,5,-3.839338685931745,True
Iraq,Baghdad,33.34,44.39,Asia/Baghdad,1715849100,2024-05-16 11:45,33.0,91.4,Partly cloudy,13.6,22.0,10,N,1012.0,29.89,0.0,0.0,17.0,50.0,30.9,87.5,10.0,6.0,8.0,17.0,27.3,403.9,161.7,25.0,34.8,13.5,37.1,1.0,2.0,05:02 AM,06:57 PM,12:27 PM,01:20 AM,Waxing Gibbous,55.0,2024-05-01,5,-2.007327081102318,True
Jamaica,Norman Gardens,17.97,-76.75,America/Jamaica,1715849100,2024-05-16 03:45,21.9,71.4,Patchy rain nearby,2.2,3.6,62,ENE,1013.0,29.92,0.1,0.0,84.0,84.0,21.9,71.4,10.0,6.0,1.0,2.8,4.4,707.6,0.2,12.2,12.3,10.1,20.8,1.0,1.0,05:34 AM,06:33 PM,01:05 PM,01:16 AM,Waxing Gibbous,55.0,2024-05-01,5,-4.8636699428905485,True
Kuwait,Kuwait City,29.37,47.96,Asia/Kuwait,1715849100,2024-05-16 11:45,30.4,86.7,Partly cloudy,17.4,28.1,40,NE,1008.0,29.75,0.0,0.0,44.0,50.0,32.6,90.8,13.0,8.0,8.0,21.9,35.3,547.4,78.7,76.1,18.6,31.9,91.4,2.0,3.0,04:55 AM,06:34 PM,12:17 PM,01:00 AM,Waxing Gibbous,55.0,2024-05-01,5,-2.544929486457209,True
Lebanon,Beirut,33.87,35.51,Asia/Beirut,1715849100,2024-05-16 11:45,22.0,71.6,Partly cloudy,5.6,9.0,250,WSW,1020.0,30.12,0.0,0.0,65.0,25.0,24.5,76.1,10.0,6.0,6.0,7.5,12.0,198.6,115.9,0.9,3.6,5.8,13.7,1.0,1.0,05:36 AM,07:34 PM,01:03 PM,01:57 AM,Waxing Gibbous,55.0,2024-05-01,5,-2.122728973568472,True
Maldives,Felidhoo,3.48,73.53,Indian/Maldives,1715849100,2024-05-16 13:45,29.5,85.1,Patchy rain nearby,13.4,21.6,289,WNW,1009.0,29.79,0.04,0.0,76.0,89.0,35.1,95.3,10.0,6.0,6.0,18.6,30.0,233.7,26.1,0.0,0.1,1.0,3.7,1.0,1.0,05:54 AM,06:11 PM,12:58 PM,12:43 AM,Waxing Gibbous,55.0,2024-05-01,5,2.6937968137735373,True
Mali,Bamako,12.65,-8.0,Africa/Bamako,1715849100,2024-05-16 08:45,27.0,80.6,Sunny,4.3,6.8,170,S,1014.0,29.94,0.0,0.0,74.0,0.0,28.5,83.2,10.0,6.0,7.0,6.2,10.0,387.2,11.4,1.1,1.2,2.8,5.1,1.0,1.0,06:07 AM,06:50 PM,01:26 PM,01:29 AM,Waxing Gibbous,55.0,2024-05-01,5,-2.742012654993857,True
Mauritania,Nouakchott,18.09,-15.98,Africa/Nouakchott,1715849100,2024-05-16 08:45,19.5,67.0,Sunny,11.0,17.6,336,NNW,1012.0,29.89,0.0,0.0,79.0,0.0,19.5,67.0,10.0,6.0,5.0,18.6,30.0,207.0,75.1,0.5,0.6,33.3,174.2,2.0,3.0,06:30 AM,07:31 PM,01:54 PM,02:07 AM,Waxing Gibbous,55.0,2024-05-01,5,-2.21270223443955,True
Iran,Chi Chi Khvar,36.26,46.59,Asia/Tehran,1715849100,2024-05-16 12:15,15.9,60.6,Thundery outbreaks in nearby,14.5,23.4,238,WSW,1016.0,29.99,0.0,0.0,34.0,44.0,15.9,60.6,9.0,5.0,4.0,23.0,37.0,176.9,111.6,0.3,0.4,4.8,18.2,1.0,1.0,05:17 AM,07:24 PM,12:44 PM,01:46 AM,Waxing Gibbous,55.0,2024-05-01,5,-2.1986804505451523,True
Monaco,Monaco,43.73,7.42,Europe/Monaco,1715849100,2024-05-16 10:45,16.0,60.8,Partly cloudy,12.5,20.2,350,N,1006.0,29.71,0.37,0.01,82.0,50.0,16.0,60.8,10.0,6.0,4.0,17.0,27.4,213.6,88.7,4.0,1.3,3.7,4.3,1.0,1.0,06:04 AM,08:50 PM,01:46 PM,03:09 AM,Waxing Gibbous,55.0,2024-05-01,5,-2.9135246628350866,True
Mongolia,Ulaanbaatar,47.92,106.92,Asia/Ulaanbaatar,1715849100,2024-05-16 16:45,27.0,80.6,Sunny,13.6,22.0,280,W,1007.0,29.74,0.0,0.0,17.0,0.0,26.6,79.8,10.0,6.0,5.0,18.1,29.2,347.1,57.9,14.9,23.4,12.6,23.0,1.0,2.0,05:13 AM,08:25 PM,12:41 PM,02:35 AM,Waxing Gibbous,55.0,2024-05-01,5,2.696530971443945,True
Montenegro,Podgorica,42.44,19.26,Europe/Podgorica,1715849100,2024-05-16 10:45,16.0,60.8,Partly cloudy,2.2,3.6,203,SSW,1014.0,29.94,0.34,0.01,88.0,75.0,16.0,60.8,10.0,6.0,5.0,4.1,6.6,185.3,101.6,0.2,0.3,1.3,2.9,1.0,1.0,05:20 AM,07:59 PM,12:58 PM,02:18 AM,Waxing Gibbous,55.0,2024-05-01,5,-2.357809089530417,True
Morocco,Rabat,34.03,-6.84,Africa/Casablanca,1715849100,2024-05-16 09:45,18.0,64.4,Partly cloudy,5.6,9.0,20,NNE,1014.0,29.94,0.0,0.0,60.0,75.0,18.0,64.4,6.0,3.0,5.0,5.7,9.2,190.3,105.9,0.5,0.9,1.8,7.8,1.0,1.0,06:25 AM,08:23 PM,01:59 PM,02:50 AM,Waxing Gibbous,55.0,2024-05-01,5,-2.681366635504044,True
Myanmar,Pathein,16.78,94.73,Asia/Yangon,1715849100,2024-05-16 15:15,37.5,99.5,Sunny,15.0,24.1,307,NW,1005.0,29.68,0.0,0.0,36.0,13.0,41.4,106.5,10.0,6.0,9.0,17.4,28.0,230.3,20.6,0.1,0.0,1.7,2.7,1.0,1.0,05:40 AM,06:35 PM,12:48 PM,01:02 AM,Waxing Gibbous,55.0,2024-05-01,5,4.808521454355934,True
Nepal,Kathmandu,27.72,85.32,Asia/Kathmandu,1715849100,2024-05-16 14:30,29.0,84.2,Light rain,11.9,19.1,200,SSW,1017.0,30.03,0.0,0.0,48.0,50.0,27.7,81.8,8.0,4.0,8.0,16.3,26.3,327.1,120.2,0.6,1.9,22.3,30.9,2.0,2.0,05:14 AM,06:46 PM,12:29 PM,01:10 AM,Waxing Gibbous,55.0,2024-05-01,5,2.0144835714493015,True
Macedonia,Skopje,42.0,21.43,Europe/Skopje,1715849100,2024-05-16 10:45,13.0,55.4,Moderate rain,2.2,3.6,109,ESE,1020.0,30.12,0.1,0.0,88.0,100.0,11.8,53.2,9.0,5.0,3.0,9.5,15.3,208.6,63.7,5.1,11.9,7.6,8.3,1.0,1.0,05:13 AM,07:50 PM,12:50 PM,02:08 AM,Waxing Gibbous,55.0,2024-05-01,5,-2.543545137457517,True
Palau,Meyungs,7.35,134.45,Pacific/Palau,1715849100,2024-05-16 17:45,31.0,87.8,Partly cloudy,6.9,11.2,60,ENE,1008.0,29.76,0.01,0.0,75.0,75.0,38.1,100.5,23.0,14.0,1.0,11.0,17.7,176.9,23.3,0.1,0.1,0.9,2.9,1.0,1.0,05:45 AM,06:12 PM,12:43 PM,12:37 AM,Waxing Gibbous,55.0,2024-05-01,5,3.5010601114086666,True
Philippines,Manila,14.6,120.98,Asia/Manila,1715849100,2024-05-16 16:45,35.0,95.0,Partly cloudy,2.2,3.6,155,SSE,1007.0,29.74,0.0,0.0,56.0,50.0,41.3,106.3,10.0,6.0,8.0,6.0,9.6,734.3,128.8,10.5,16.7,32.2,47.2,2.0,3.0,05:28 AM,06:17 PM,12:31 PM,12:41 AM,Waxing Gibbous,55.0,2024-05-01,5,3.1684523898063985,True
Saint Kitts and Nevis,Basseterre,17.3,-62.72,America/St_Kitts,1715849100,2024-05-16 04:45,27.0,80.6,Clear,8.1,13.0,80,E,1013.0,29.91,0.0,0.0,79.0,0.0,30.0,85.9,10.0,6.0,1.0,19.6,31.5,208.6,26.5,0.3,0.1,1.0,4.1,1.0,1.0,05:39 AM,06:36 PM,01:08 PM,01:18 AM,Waxing Gibbous,55.0,2024-05-01,5,-2.1158628939380297,True
Senegal,Dakar,14.67,-17.44,Africa/Dakar,1715849100,2024-05-16 08:45,22.0,71.6,Partly cloudy,6.9,11.2,320,NW,1013.0,29.91,0.0,0.0,78.0,75.0,24.5,76.1,10.0,6.0,6.0,19.7,31.7,195.3,66.5,1.0,0.8,21.4,125.2,2.0,2.0,06:41 AM,07:31 PM,02:03 PM,02:09 AM,Waxing Gibbous,55.0,2024-05-01,5,-3.0937304880080783,True
Singapore,Singapore,1.29,103.86,Asia/Singapore,1715849100,2024-05-16 16:45,26.0,78.8,Partly cloudy,2.5,4.0,240,WSW,1009.0,29.8,1.75,0.07,89.0,75.0,28.4,83.1,10.0,6.0,6.0,12.6,20.3,654.2,16.3,52.8,42.0,8.9,11.0,1.0,1.0,06:56 AM,07:06 PM,01:55 PM,01:36 AM,Waxing Gibbous,55.0,2024-05-01,5,-2.135313489689832,True
Solomon Islands,Honiara,-9.43,159.95,Pacific/Guadalcanal,1715849100,2024-05-16 19:45,26.9,80.5,Patchy rain nearby,9.8,15.8,119,ESE,1009.0,29.8,0.09,0.0,87.0,78.0,31.0,87.8,10.0,6.0,1.0,13.8,22.3,220.3,23.3,1.0,0.4,0.5,0.6,1.0,1.0,06:26 AM,06:07 PM,01:16 PM,12:31 AM,Waxing Gibbous,55.0,2024-05-01,5,2.50490016731059,True
Sudan,Juba,12.15,24.45,Africa/Khartoum,1715849100,2024-05-16 10:45,30.3,86.5,Sunny,20.6,33.1,53,NE,1014.0,29.95,0.0,0.0,10.0,6.0,28.0,82.5,10.0,6.0,8.0,23.7,38.1,170.2,95.8,0.2,0.3,38.7,223.3,2.0,4.0,05:58 AM,06:39 PM,01:13 PM,01:15 AM,Waxing Gibbous,55.0,2024-05-01,5,-3.3585150076252965,True
Spain,Madrid,40.4,-3.68,Europe/Madrid,1715849100,2024-05-16 10:45,14.0,57.2,Sunny,11.9,19.1,260,W,1011.0,29.85,0.0,0.0,47.0,0.0,12.7,54.9,10.0,6.0,4.0,16.3,26.3,186.9,87.3,2.4,0.1,0.5,1.1,1.0,1.0,06:57 AM,09:26 PM,02:37 PM,03:48 AM,Waxing Gibbous,55.0,2024-05-01,5,-2.1314186970118043,True
Sudan,Khartoum,15.59,32.53,Africa/Khartoum,1715849100,2024-05-16 10:45,32.5,90.4,Sunny,15.7,25.2,19,NNE,1012.0,29.9,0.0,0.0,10.0,3.0,30.3,86.5,10.0,6.0,8.0,18.0,29.0,263.7,130.2,1.6,2.8,28.0,124.1,2.0,3.0,05:20 AM,06:12 PM,12:36 PM,12:45 AM,Waxing Gibbous,55.0,2024-05-01,5,-2.576688337058775,True
Suriname,Paramaribo,5.83,-55.17,America/Paramaribo,1715849100,2024-05-16 05:45,24.4,75.9,Mist,4.7,7.6,83,E,1010.0,29.83,0.0,0.0,96.0,43.0,27.2,81.0,2.0,1.0,1.0,8.2,13.2,188.6,31.1,0.1,0.1,1.1,2.2,1.0,1.0,06:25 AM,06:49 PM,01:46 PM,01:35 AM,Waxing Gibbous,55.0,2024-05-01,5,-2.548687200497415,True
Syria,Damascus,33.5,36.3,Asia/Damascus,1715849100,2024-05-16 11:45,24.0,75.2,Sunny,2.2,3.6,10,N,1019.0,30.09,0.0,0.0,31.0,0.0,23.9,75.0,10.0,6.0,6.0,7.0,11.2,183.6,121.6,4.0,5.1,5.1,10.2,1.0,1.0,05:34 AM,07:30 PM,01:01 PM,01:54 AM,Waxing Gibbous,55.0,2024-05-01,5,-2.4120479079318704,True
Timor-Leste,Dili,-8.56,125.57,Asia/Dili,1715849100,2024-05-16 17:45,28.0,82.4,Patchy rain nearby,8.9,14.4,65,ENE,1010.0,29.83,0.03,0.0,77.0,79.0,31.8,89.3,10.0,6.0,7.0,10.3,16.6,230.3,26.5,0.0,0.1,0.8,2.1,1.0,1.0,06:42 AM,06:25 PM,01:36 PM,12:55 AM,Waxing Gibbous,55.0,2024-05-01,5,3.1033079778839068,True
Trinidad and Tobago,Port Of Spain,10.65,-61.52,America/Port_of_Spain,1715849100,2024-05-16 04:45,26.0,78.8,Partly cloudy,2.2,3.6,10,N,1011.0,29.85,0.03,0.0,89.0,25.0,29.6,85.3,10.0,6.0,1.0,9.4,15.1,198.6,19.5,0.6,0.4,2.2,5.5,1.0,1.0,05:44 AM,06:21 PM,01:09 PM,01:06 AM,Waxing Gibbous,55.0,2024-05-01,5,-2.6874222984291802,True
Turkey,Ankara,39.93,32.86,Europe/Istanbul,1715849100,2024-05-16 11:45,16.0,60.8,Partly cloudy,8.1,13.0,240,WSW,1020.0,30.12,0.02,0.0,45.0,75.0,16.0,60.8,10.0,6.0,4.0,14.7,23.6,233.7,107.3,6.8,9.4,11.2,12.2,1.0,1.0,05:33 AM,07:58 PM,01:06 PM,02:18 AM,Waxing Gibbous,55.0,2024-05-01,5,-2.170732662186147,True
Tuvalu,Funafuti,-8.52,179.22,Pacific/Funafuti,1715849100,2024-05-16 20:45,26.0,78.8,Moderate rain at times,12.5,20.2,90,E,1008.0,29.77,2.0,0.08,100.0,100.0,28.4,83.1,8.0,4.0,1.0,14.9,24.0,207.0,23.6,0.0,0.0,0.6,1.6,1.0,1.0,06:08 AM,05:51 PM,12:55 PM,12:13 AM,Waxing Gibbous,55.0,2024-05-01,5,-2.3887769013910716,True
Ukraine,Kyiv,50.43,30.52,Europe/Kiev,1715849100,2024-05-16 11:45,13.8,56.8,Patchy rain nearby,8.1,13.0,94,E,1027.0,30.32,0.25,0.01,53.0,72.0,12.8,55.0,9.0,5.0,3.0,9.7,15.6,213.6,93.0,0.9,2.2,2.0,2.3,1.0,1.0,05:09 AM,08:41 PM,12:56 PM,02:51 AM,Waxing Gibbous,55.0,2024-05-01,5,-2.3779123271932177,True
Uruguay,Montevideo,-34.86,-56.17,America/Montevideo,1715849100,2024-05-16 05:45,6.0,42.8,Clear,5.6,9.0,340,NNW,1014.0,29.94,0.0,0.0,87.0,0.0,3.4,38.0,10.0,6.0,1.0,11.9,19.1,337.1,19.3,8.6,6.4,6.5,10.5,1.0,1.0,07:33 AM,05:49 PM,02:26 PM,12:53 AM,Waxing Gibbous,55.0,2024-05-01,5,-2.448040118636372,True
Angola,Luanda,-8.84,13.23,Africa/Luanda,1715868000,2024-05-16 15:00,32.0,89.6,Sunny,16.1,25.9,280,W,1008.0,29.77,0.0,0.0,63.0,0.0,40.4,104.7,10.0,6.0,8.0,19.6,31.6,494.0,85.8,9.0,4.0,31.7,68.5,2.0,3.0,06:12 AM,05:55 PM,01:17 PM,12:38 AM,Waxing Gibbous,55.0,2024-05-01,5,2.491592119880739,True
Armenia,Yerevan,40.18,44.51,Asia/Yerevan,1715868000,2024-05-16 18:00,15.0,59.0,Partly cloudy,2.5,4.0,10,N,1017.0,30.03,0.2,0.01,77.0,37.0,15.4,59.8,10.0,6.0,4.0,3.6,5.9,195.3,91.6,6.3,1.2,1.0,1.1,1.0,1.0,05:45 AM,08:12 PM,01:17 PM,02:31 AM,Waxing Gibbous,55.0,2024-05-01,5,-2.310210329289576,True
Benin,Porto-Novo,6.48,2.62,Africa/Porto-Novo,1715868000,2024-05-16 15:00,24.0,75.2,Moderate or heavy rain with thunder,17.4,28.1,80,E,1012.0,29.88,0.05,0.0,89.0,100.0,26.2,79.1,8.0,4.0,6.0,18.9,30.5,387.2,25.8,1.7,1.3,2.5,4.8,1.0,1.0,06:33 AM,06:59 PM,01:48 PM,01:38 AM,Waxing Gibbous,55.0,2024-05-01,5,-3.2901852106901432,True
Bulgaria,Sofia,42.68,23.32,Europe/Sofia,1715868000,2024-05-16 17:00,11.0,51.8,Light rain,19.2,31.0,120,ESE,1020.0,30.12,0.15,0.01,82.0,75.0,9.4,48.9,9.0,5.0,3.0,23.7,38.2,227.0,73.0,3.5,0.4,3.0,3.7,1.0,1.0,06:03 AM,08:44 PM,01:41 PM,03:02 AM,Waxing Gibbous,55.0,2024-05-01,5,-2.487239641242546,True
Burkina Faso,Ouagadougou,12.37,-1.52,Africa/Ouagadougou,1715868000,2024-05-16 14:00,24.0,75.2,Moderate or heavy rain with thunder,10.5,16.9,120,ESE,1016.0,30.0,0.23,0.01,94.0,25.0,23.9,75.0,10.0,6.0,8.0,15.0,24.1,387.2,25.8,1.1,0.7,6.1,24.5,1.0,1.0,05:42 AM,06:24 PM,12:59 PM,01:01 AM,Waxing Gibbous,55.0,2024-05-01,5,-3.816526919774325,True
Madagascar,Ivory,-24.37,46.45,Indian/Antananarivo,1715868000,2024-05-16 17:00,27.8,82.0,Sunny,11.4,18.4,55,NE,1017.0,30.05,0.0,0.0,48.0,19.0,28.3,83.0,10.0,6.0,8.0,15.6,25.1,212.0,37.6,0.1,0.0,0.5,0.6,1.0,1.0,06:23 AM,05:18 PM,01:16 PM,12:02 AM,Waxing Gibbous,55.0,2024-05-01,5,2.0070536522622713,True
Chile,Santiago,-33.45,-70.67,America/Santiago,1715868000,2024-05-16 10:00,2.0,35.6,Sunny,4.3,6.8,60,ENE,1020.0,30.12,0.0,0.0,87.0,0.0,1.4,34.5,6.0,3.0,4.0,8.7,14.0,9719.9,19.7,181.0,66.8,714.1,873.4,6.0,10.0,07:28 AM,05:50 PM,02:23 PM,12:56 AM,Waxing Gibbous,55.0,2024-05-01,5,-2.4707884989003697,True
Georgia,Tbilisi,41.73,44.79,Asia/Tbilisi,1715868000,2024-05-16 18:00,13.0,55.4,Partly cloudy,5.6,9.0,210,SSW,1018.0,30.06,0.0,0.0,88.0,62.0,12.5,54.5,10.0,6.0,5.0,5.9,9.5,186.9,72.2,1.1,0.1,0.7,1.0,1.0,1.0,05:40 AM,08:15 PM,01:13 PM,02:33 AM,Waxing Gibbous,55.0,2024-05-01,5,-2.2101695576216294,True
Kuwait,Kuwait City,29.37,47.96,Asia/Kuwait,1715868000,2024-05-16 17:00,29.0,84.2,Sunny,13.6,22.0,40,NE,1006.0,29.72,0.0,0.0,51.0,0.0,30.3,86.6,16.0,9.0,8.0,28.8,46.4,440.6,53.6,63.1,15.7,19.6,40.9,2.0,2.0,04:55 AM,06:34 PM,12:17 PM,01:00 AM,Waxing Gibbous,55.0,2024-05-01,5,-2.862505576872497,True
Maldives,Felidhoo,3.48,73.53,Indian/Maldives,1715868000,2024-05-16 19:00,29.6,85.3,Partly Cloudy,13.9,22.3,279,W,1009.0,29.8,0.0,0.0,77.0,38.0,35.7,96.2,10.0,6.0,1.0,19.1,30.8,212.0,27.9,0.0,0.1,1.2,4.1,1.0,1.0,05:54 AM,06:11 PM,12:58 PM,12:43 AM,Waxing Gibbous,55.0,2024-05-01,5,3.0692388784109728,True
Mexico,Mexico City,19.43,-99.13,America/Mexico_City,1715868000,2024-05-16 08:00,13.0,55.4,Sunny,4.3,6.8,60,ENE,1028.0,30.36,0.0,0.0,67.0,0.0,13.6,56.4,8.0,4.0,5.0,8.7,14.0,1602.2,1.0,51.4,20.0,54.3,72.4,3.0,7.0,06:01 AM,07:05 PM,01:37 PM,01:49 AM,Waxing Gibbous,55.0,2024-05-01,5,-2.5827882974444587,True
North Korea,Pyongyang,39.02,125.75,Asia/Pyongyang,1715868900,2024-05-16 23:15,11.6,52.9,Clear,3.8,6.1,163,SSE,1010.0,29.81,0.0,0.0,46.0,14.0,11.3,52.3,10.0,6.0,1.0,7.9,12.7,287.1,90.1,4.6,4.1,22.6,28.0,2.0,2.0,05:24 AM,07:44 PM,12:40 PM,01:59 AM,Waxing Gibbous,55.0,2024-05-01,5,-2.758646934133374,True
Macedonia,Skopje,42.0,21.43,Europe/Skopje,1715868000,2024-05-16 16:00,14.0,57.2,Overcast,5.6,9.0,140,SE,1019.0,30.09,0.0,0.0,94.0,100.0,12.6,54.8,10.0,6.0,4.0,13.4,21.6,207.0,90.8,3.0,7.0,5.2,5.4,1.0,1.0,05:13 AM,07:50 PM,12:50 PM,02:08 AM,Waxing Gibbous,55.0,2024-05-01,5,-2.387592766236105,True
South Korea,Seoul,37.57,127.0,Asia/Seoul,1715868900,2024-05-16 23:15,13.0,55.4,Clear,4.3,6.8,200,SSW,1011.0,29.85,0.0,0.0,88.0,0.0,12.6,54.7,10.0,6.0,1.0,7.9,12.6,821.1,0.0,94.6,22.2,21.1,25.7,2.0,2.0,05:22 AM,07:36 PM,12:37 PM,01:51 AM,Waxing Gibbous,55.0,2024-05-01,5,-2.0301278319267735,True
Ukraine,Kyiv,50.43,30.52,Europe/Kiev,1715868000,2024-05-16 17:00,14.6,58.3,Patchy rain nearby,5.6,9.0,96,E,1026.0,30.29,0.06,0.0,51.0,75.0,14.3,57.7,10.0,6.0,3.0,8.0,12.9,210.3,94.4,1.2,1.3,1.7,2.1,1.0,1.0,05:09 AM,08:41 PM,12:56 PM,02:51 AM,Waxing Gibbous,55.0,2024-05-01,5,-2.1362905046035725,True
Afghanistan,Kabul,34.52,69.18,Asia/Kabul,1715961600,2024-05-17 20:30,15.0,58.9,Patchy rain nearby,3.4,5.4,17,NNE,1017.0,30.02,0.69,0.03,75.0,77.0,15.3,59.6,9.0,5.0,1.0,4.7,7.6,854.5,70.8,9.4,0.6,8.3,18.1,1.0,1.0,04:49 AM,06:51 PM,01:09 PM,01:37 AM,Waxing Gibbous,64.0,2024-05-01,5,-2.1731795942960086,True
Austria,Vienna,48.2,16.37,Europe/Vienna,1715961600,2024-05-17 18:00,14.0,57.2,Light rain shower,4.3,6.8,360,N,1011.0,29.85,0.01,0.0,88.0,75.0,13.8,56.8,6.0,3.0,3.0,6.0,9.6,217.0,68.0,5.5,0.6,1.6,2.5,1.0,1.0,05:12 AM,08:30 PM,02:07 PM,02:57 AM,Waxing Gibbous,64.0,2024-05-01,5,-2.100616882320618,True
Azerbaijan,Baku,40.4,49.88,Asia/Baku,1715961600,2024-05-17 20:00,14.0,57.2,Partly cloudy,18.6,29.9,320,NW,1017.0,30.03,0.0,0.0,72.0,25.0,11.4,52.5,10.0,6.0,1.0,32.4,52.2,213.6,85.1,2.6,0.3,1.0,1.2,1.0,1.0,05:22 AM,07:52 PM,01:55 PM,02:31 AM,Waxing Gibbous,64.0,2024-05-01,5,-2.410717324363013,True
Bahamas,Nassau,25.08,-77.35,America/Nassau,1715961600,2024-05-17 12:00,32.0,89.6,Partly cloudy,9.4,15.1,290,WNW,1015.0,29.98,0.0,0.0,67.0,50.0,40.8,105.4,10.0,6.0,7.0,13.9,22.3,507.4,117.3,3.8,6.0,15.9,24.2,2.0,2.0,06:23 AM,07:48 PM,02:52 PM,02:55 AM,Waxing Gibbous,64.0,2024-05-01,5,2.4836919544825857,True
Botswana,Gaborone,-24.65,25.91,Africa/Gaborone,1715961600,2024-05-17 18:00,30.0,86.0,Clear,2.2,3.6,73,ENE,1022.0,30.18,0.0,0.0,21.0,0.0,28.0,82.5,10.0,6.0,1.0,2.3,3.8,801.1,35.8,45.2,4.2,19.6,32.8,2.0,2.0,06:46 AM,05:40 PM,02:09 PM,01:19 AM,Waxing Gibbous,64.0,2024-05-01,5,2.0238067594972846,True
Ecuador,Quito,-0.22,-78.5,America/Guayaquil,1715961600,2024-05-17 11:00,18.9,66.0,Patchy rain nearby,4.7,7.6,14,NNE,1015.0,29.97,0.28,0.01,55.0,84.0,18.9,66.0,9.0,5.0,5.0,5.4,8.7,2483.4,4.3,70.6,58.2,42.2,45.5,3.0,5.0,06:07 AM,06:13 PM,02:06 PM,01:46 AM,Waxing Gibbous,64.0,2024-05-01,5,2.4022763210309126,True
Eritrea,Asmara,15.33,38.93,Africa/Asmara,1715961600,2024-05-17 19:00,19.8,67.7,Clear,6.9,11.2,43,NE,1013.0,29.92,0.0,0.0,60.0,5.0,19.8,67.7,10.0,6.0,1.0,13.1,21.1,233.7,49.4,1.1,0.6,15.4,49.0,1.0,2.0,05:55 AM,06:47 PM,01:56 PM,01:54 AM,Waxing Gibbous,64.0,2024-05-01,5,-2.5627246972900055,True
Guatemala,Guatemala City,14.62,-90.53,America/Guatemala,1715961600,2024-05-17 10:00,25.0,77.0,Partly cloudy,9.4,15.1,190,S,1021.0,30.15,0.13,0.01,61.0,75.0,26.3,79.3,10.0,6.0,5.0,13.9,22.3,620.8,44.4,14.9,41.0,26.2,31.2,2.0,3.0,05:34 AM,06:23 PM,01:51 PM,01:43 AM,Waxing Gibbous,64.0,2024-05-01,5,2.36133551340267,True
Hungary,Budapest,47.5,19.08,Europe/Budapest,1715961600,2024-05-17 18:00,15.0,59.0,Moderate or heavy rain shower,8.1,13.0,50,NE,1012.0,29.88,0.04,0.0,82.0,75.0,13.5,56.4,10.0,6.0,3.0,22.4,36.1,237.0,55.1,9.6,3.5,5.6,6.5,1.0,1.0,05:04 AM,08:17 PM,01:56 PM,02:45 AM,Waxing Gibbous,64.0,2024-05-01,5,-2.5512310020719715,True
Iraq,Baghdad,33.34,44.39,Asia/Baghdad,1715961600,2024-05-17 19:00,33.0,91.4,Clear,11.9,19.1,310,NW,1012.0,29.88,0.0,0.0,14.0,0.0,30.9,87.5,10.0,6.0,1.0,23.9,38.5,260.4,123.0,11.5,4.1,7.7,23.9,1.0,1.0,05:01 AM,06:57 PM,01:23 PM,01:46 AM,Waxing Gibbous,64.0,2024-05-01,5,-2.007327081102318,True
Maldives,Felidhoo,3.48,73.53,Indian/Maldives,1715961600,2024-05-17 21:00,29.5,85.2,Light rain shower,20.4,32.8,269,W,1010.0,29.84,0.41,0.02,77.0,76.0,35.3,95.6,10.0,6.0,1.0,27.7,44.6,230.3,25.4,0.0,0.1,1.9,5.4,1.0,1.0,05:54 AM,06:11 PM,01:40 PM,01:23 AM,Waxing Gibbous,64.0,2024-05-01,5,2.6937968137735373,True
Marshall Islands,Majuro,7.1,171.38,Pacific/Majuro,1715961600,2024-05-18 04:00,27.0,80.6,Overcast,5.6,9.0,50,NE,1006.0,29.7,0.0,0.0,89.0,100.0,30.0,86.0,24.0,14.0,1.0,24.8,39.9,178.6,34.0,0.0,0.1,3.5,12.3,1.0,1.0,06:17 AM,06:44 PM,01:55 PM,01:44 AM,Waxing Gibbous,64.0,2024-05-01,5,-2.122880941389761,True
Iran,Chi Chi Khvar,36.26,46.59,Asia/Tehran,1715961600,2024-05-17 19:30,12.9,55.2,Sunny,13.9,22.3,230,SW,1014.0,29.94,0.0,0.0,38.0,0.0,10.8,51.5,10.0,6.0,4.0,22.1,35.5,203.6,124.5,2.0,1.5,5.7,6.7,1.0,1.0,05:16 AM,07:25 PM,01:42 PM,02:10 AM,Waxing Gibbous,64.0,2024-05-01,5,-2.754037959356009,True
Peru,Lima,-12.05,-77.05,America/Lima,1715961600,2024-05-17 11:00,19.6,67.3,Partly Cloudy,8.1,13.0,196,SSW,1015.0,29.97,0.0,0.0,81.0,36.0,19.6,67.3,10.0,6.0,6.0,9.3,14.9,290.4,57.2,5.4,4.5,10.7,22.6,1.0,1.0,06:18 AM,05:51 PM,02:04 PM,01:33 AM,Waxing Gibbous,64.0,2024-05-01,5,2.654614824371291,True
Saudi Arabia,Riyadh,24.64,46.77,Asia/Riyadh,1715962500,2024-05-17 19:15,34.0,93.2,Clear,11.9,19.1,360,N,1013.0,29.91,0.0,0.0,12.0,0.0,32.0,89.6,10.0,6.0,1.0,21.3,34.3,227.0,95.8,16.1,27.2,29.1,119.9,2.0,3.0,05:08 AM,06:31 PM,01:19 PM,01:29 AM,Waxing Gibbous,64.0,2024-05-01,5,-3.1769729805106426,True
Sierra Leone,Freetown,8.49,-13.23,Africa/Freetown,1715962500,2024-05-17 16:15,24.0,75.2,Moderate or heavy rain with thunder,2.2,3.6,233,SW,1010.0,29.83,0.38,0.01,89.0,75.0,25.7,78.3,7.0,4.0,6.0,11.6,18.7,574.1,62.2,1.5,1.2,8.5,15.1,1.0,1.0,06:33 AM,07:05 PM,02:34 PM,02:22 AM,Waxing Gibbous,64.0,2024-05-01,5,-3.01180056533604,True
Slovakia,Bratislava,48.15,17.12,Europe/Bratislava,1715961600,2024-05-17 18:00,13.0,55.4,Light rain shower,9.4,15.1,40,NE,1012.0,29.88,0.41,0.02,94.0,75.0,11.6,52.9,6.0,3.0,3.0,17.9,28.7,220.3,47.2,9.1,2.2,3.9,4.2,1.0,1.0,05:10 AM,08:27 PM,02:04 PM,02:54 AM,Waxing Gibbous,64.0,2024-05-01,5,-2.4664122349894773,True
Tanzania,Dodoma,-6.18,35.75,Africa/Dar_es_Salaam,1715962500,2024-05-17 19:15,23.0,73.4,Clear,6.3,10.1,115,ESE,1013.0,29.91,0.0,0.0,48.0,11.0,24.7,76.4,10.0,6.0,1.0,12.2,19.6,243.7,30.0,0.9,0.3,1.9,3.4,1.0,1.0,06:38 AM,06:28 PM,02:20 PM,01:52 AM,Waxing Gibbous,64.0,2024-05-01,5,-2.2045564222155036,True
Bahrain,Manama,26.24,50.58,Asia/Bahrain,1716042600,2024-05-18 17:30,31.0,87.8,Sunny,21.7,34.9,330,NNW,1007.0,29.74,0.0,0.0,41.0,0.0,34.8,94.7,9.0,5.0,7.0,35.3,56.8,267.0,171.7,1.1,4.5,29.6,55.8,2.0,3.0,04:50 AM,06:19 PM,01:53 PM,01:42 AM,Waxing Gibbous,73.0,2024-05-01,5,-2.100989133814161,True
Barbados,Bridgetown,13.1,-59.62,America/Barbados,1716042600,2024-05-18 10:30,33.0,91.4,Partly cloudy,23.0,37.1,80,E,1016.0,30.0,0.04,0.0,59.0,50.0,46.7,116.0,10.0,6.0,1.0,24.2,39.0,208.6,28.6,1.0,0.8,2.1,8.2,1.0,1.0,05:32 AM,06:18 PM,02:28 PM,02:09 AM,Waxing Gibbous,73.0,2024-05-01,5,2.8008615740012615,True
Iran,Chi Chi Khvar,36.26,46.59,Asia/Tehran,1716042600,2024-05-18 18:00,16.3,61.3,Sunny,14.3,23.0,240,WSW,1013.0,29.9,0.0,0.0,41.0,3.0,16.3,61.3,10.0,6.0,5.0,17.0,27.3,183.6,108.7,0.8,0.6,2.1,2.6,1.0,1.0,05:15 AM,07:26 PM,02:38 PM,02:32 AM,Waxing Gibbous,73.0,2024-05-01,5,-2.1246327827037046,True
Saudi Arabia,Riyadh,24.64,46.77,Asia/Riyadh,1716042600,2024-05-18 17:30,35.0,95.0,Sunny,12.5,20.2,360,N,1013.0,29.91,0.0,0.0,9.0,0.0,33.2,91.7,10.0,6.0,9.0,16.5,26.5,227.0,153.1,8.1,16.9,27.3,92.5,2.0,3.0,05:08 AM,06:31 PM,02:08 PM,01:57 AM,Waxing Gibbous,73.0,2024-05-01,5,-2.7929935123625937,True
Sri Lanka,Colombo,6.93,79.85,Asia/Colombo,1716042600,2024-05-18 20:00,25.0,77.0,Light rain,5.6,9.0,150,SSE,1007.0,29.74,3.21,0.13,100.0,50.0,27.8,82.0,8.0,4.0,1.0,21.3,34.2,253.7,42.2,5.4,2.5,1.8,3.6,1.0,1.0,05:54 AM,06:20 PM,02:24 PM,02:06 AM,Waxing Gibbous,73.0,2024-05-01,5,-2.109663698666516,True
Turkmenistan,Ashgabat,37.95,58.38,Asia/Ashgabat,1716042600,2024-05-18 19:30,15.0,59.0,Moderate or heavy rain with thunder,4.3,6.8,200,SSW,1017.0,30.03,0.06,0.0,88.0,100.0,15.8,60.4,9.0,5.0,4.0,8.7,14.0,201.9,93.0,0.5,0.2,2.4,8.3,1.0,1.0,05:54 AM,08:13 PM,03:19 PM,03:15 AM,Waxing Gibbous,73.0,2024-05-01,5,-2.4187881804371076,True
Chile,Santiago,-33.45,-70.67,America/Santiago,1716127200,2024-05-19 10:00,3.0,37.4,Mist,3.8,6.1,80,E,1022.0,30.18,0.0,0.0,81.0,0.0,2.5,36.5,5.0,3.0,5.0,8.3,13.3,6355.3,12.2,105.6,24.8,440.2,544.4,6.0,10.0,07:31 AM,05:48 PM,03:35 PM,03:42 AM,Waxing Gibbous,81.0,2024-05-01,5,-2.0563591180943974,True
Iceland,Grindavik,63.83,-22.43,Atlantic/Reykjavik,1716128100,2024-05-19 14:15,4.0,39.2,Light rain,28.6,46.1,60,ENE,1007.0,29.74,1.0,0.04,87.0,100.0,-2.3,27.9,8.0,4.0,1.0,36.9,59.4,230.3,82.3,0.4,1.7,0.5,0.5,1.0,1.0,04:05 AM,10:50 PM,05:26 PM,03:48 AM,Waxing Gibbous,81.0,2024-05-01,5,-2.8058673583538396,True
Nigeria,Abuja,9.18,7.18,Africa/Lagos,1716128100,2024-05-19 15:15,39.4,103.0,Sunny,2.5,4.0,75,ENE,1006.0,29.7,0.0,0.0,20.0,11.0,39.1,102.3,10.0,6.0,9.0,2.8,4.6,357.2,47.2,0.2,0.1,10.7,40.7,1.0,1.0,06:11 AM,06:45 PM,03:36 PM,03:10 AM,Waxing Gibbous,81.0,2024-05-01,5,2.6586700845517077,True
Saudi Arabia,Riyadh,24.64,46.77,Asia/Riyadh,1716128100,2024-05-19 17:15,36.0,96.8,Sunny,10.5,16.9,360,N,1010.0,29.83,0.0,0.0,8.0,0.0,34.4,94.0,10.0,6.0,9.0,17.0,27.4,213.6,104.4,15.1,22.4,18.6,89.2,2.0,2.0,05:07 AM,06:32 PM,02:59 PM,02:25 AM,Waxing Gibbous,81.0,2024-05-01,5,-2.409014044214545,True
Uzbekistan,Tashkent,41.32,69.25,Asia/Tashkent,1716128100,2024-05-19 19:15,14.0,57.2,Partly cloudy,6.9,11.2,110,ESE,1019.0,30.09,0.0,0.0,88.0,62.0,13.9,57.0,10.0,6.0,4.0,11.4,18.4,367.2,13.8,47.3,3.3,3.5,4.2,1.0,1.0,05:01 AM,07:39 PM,03:34 PM,02:51 AM,Waxing Gibbous,81.0,2024-05-01,5,-2.719858938740503,True
Afghanistan,Kabul,34.52,69.18,Asia/Kabul,1716215400,2024-05-20 19:00,14.1,57.3,Patchy rain nearby,2.7,4.3,65,ENE,1017.0,30.04,0.72,0.03,77.0,85.0,14.6,58.2,9.0,5.0,1.0,3.1,5.0,1215.0,57.2,15.6,0.4,5.8,13.1,1.0,1.0,04:47 AM,06:53 PM,03:57 PM,02:45 AM,Waxing Gibbous,88.0,2024-05-01,5,-2.424852966429554,True
Eritrea,Asmara,15.33,38.93,Africa/Asmara,1716216300,2024-05-20 17:45,17.3,63.1,Patchy rain nearby,4.9,7.9,136,SE,1013.0,29.93,0.05,0.0,68.0,84.0,17.3,63.1,10.0,6.0,4.0,10.3,16.6,188.6,57.2,0.3,0.7,18.0,70.6,2.0,2.0,05:54 AM,06:48 PM,04:14 PM,03:32 AM,Waxing Gibbous,88.0,2024-05-01,5,-3.7819639053346394,True
Uzbekistan,Tashkent,41.32,69.25,Asia/Tashkent,1716216300,2024-05-20 19:45,17.0,62.6,Clear,6.9,11.2,200,SSW,1019.0,30.09,0.0,0.0,72.0,0.0,17.0,62.6,10.0,6.0,5.0,11.4,18.4,190.3,79.4,4.8,0.8,3.5,12.2,1.0,1.0,05:00 AM,07:40 PM,04:35 PM,03:10 AM,Waxing Gibbous,88.0,2024-05-01,5,-2.183990526975195,True
Central African Republic,Bangui,4.37,18.58,Africa/Bangui,1716302700,2024-05-21 15:45,37.6,99.7,Partly Cloudy,2.2,3.6,76,ENE,1007.0,29.73,0.0,0.0,31.0,47.0,40.0,103.9,10.0,6.0,9.0,6.7,10.8,407.2,12.2,0.1,0.0,0.9,1.0,1.0,1.0,05:33 AM,05:53 PM,04:14 PM,03:42 AM,Waxing Gibbous,93.0,2024-05-01,5,2.160688219979168,True
Madagascar,Antananarivo,-18.92,47.52,Indian/Antananarivo,1716302700,2024-05-21 17:45,15.0,59.0,Partly cloudy,12.5,20.2,160,SSE,1026.0,30.3,0.0,0.0,67.0,50.0,13.8,56.8,10.0,6.0,5.0,16.3,26.2,287.1,39.0,1.1,1.0,2.2,4.1,1.0,1.0,06:12 AM,05:21 PM,03:47 PM,04:05 AM,Waxing Gibbous,93.0,2024-05-01,5,-2.022985660085939,True
Tonga,Nuku`Aloia,-21.13,-175.2,Pacific/Tongatapu,1716302700,2024-05-22 03:45,26.3,79.3,Clear,6.5,10.4,14,NNE,1013.0,29.91,0.0,0.0,84.0,15.0,29.4,85.0,10.0,6.0,1.0,9.3,15.0,212.0,32.5,0.0,0.0,1.4,6.0,1.0,1.0,07:06 AM,06:08 PM,04:21 PM,04:39 AM,Waxing Gibbous,93.0,2024-05-01,5,2.1774459134406774,True
Antigua and Barbuda,Saint John's,17.12,-61.85,America/Antigua,1716387300,2024-05-22 10:15,25.0,77.0,Moderate rain at times,10.5,16.9,120,ESE,1017.0,30.03,0.53,0.02,94.0,75.0,27.0,80.5,8.0,4.0,6.0,26.3,42.4,196.9,39.3,0.5,0.5,2.1,5.9,1.0,1.0,05:34 AM,06:34 PM,05:57 PM,04:36 AM,Waxing Gibbous,97.0,2024-05-01,5,-3.273523751326627,True
Bulgaria,Sofia,42.68,23.32,Europe/Sofia,1716387300,2024-05-22 17:15,13.0,55.4,Moderate or heavy rain with thunder,17.4,28.1,300,WNW,1011.0,29.85,1.7,0.07,94.0,100.0,12.9,55.2,1.0,0.0,4.0,21.9,35.3,230.3,87.3,2.0,0.9,7.2,19.8,1.0,1.0,05:58 AM,08:50 PM,08:02 PM,04:56 AM,Waxing Gibbous,97.0,2024-05-01,5,-2.1482338339464206,True
Dominican Republic,Santo Domingo,18.47,-69.9,America/Santo_Domingo,1716387300,2024-05-22 10:15,24.0,75.2,Overcast,9.4,15.1,120,ESE,1015.0,29.97,0.32,0.01,94.0,100.0,26.3,79.4,10.0,6.0,5.0,13.9,22.3,660.9,9.9,22.6,18.1,12.7,16.7,1.0,2.0,06:04 AM,07:09 PM,06:33 PM,05:07 AM,Waxing Gibbous,97.0,2024-05-01,5,-2.4461859610803334,True
Haiti,Port-Au-Prince,18.54,-72.34,America/Port-au-Prince,1716387300,2024-05-22 10:15,22.3,72.1,Moderate rain,5.6,9.0,80,E,1016.0,30.01,1.91,0.08,90.0,100.0,24.7,76.5,5.0,3.0,5.0,6.6,10.7,527.4,33.3,6.9,4.3,3.9,10.1,1.0,1.0,06:13 AM,07:19 PM,06:44 PM,05:17 AM,Waxing Gibbous,97.0,2024-05-01,5,-3.253458606971786,True
Jamaica,Norman Gardens,17.97,-76.75,America/Jamaica,1716387300,2024-05-22 09:15,26.8,80.3,Sunny,3.1,5.0,121,ESE,1014.0,29.94,0.0,0.0,69.0,15.0,28.6,83.5,10.0,6.0,7.0,3.6,5.8,380.5,38.6,3.5,5.2,3.9,10.0,1.0,1.0,05:32 AM,06:35 PM,06:01 PM,04:36 AM,Waxing Gibbous,97.0,2024-05-01,5,-2.0599072699301137,True
Madagascar,Antananarivo,-18.92,47.52,Indian/Antananarivo,1716387300,2024-05-22 17:15,12.0,53.6,Moderate rain,15.0,24.1,150,SSE,1026.0,30.3,0.02,0.0,88.0,75.0,9.9,49.7,10.0,6.0,4.0,17.5,28.2,303.8,39.7,1.2,1.1,2.3,4.6,1.0,1.0,06:12 AM,05:21 PM,04:25 PM,04:58 AM,Waxing Gibbous,97.0,2024-05-01,5,-2.9675261239175508,True
Suriname,Paramaribo,5.83,-55.17,America/Paramaribo,1716387300,2024-05-22 11:15,32.0,89.6,Partly cloudy,4.3,6.8,100,E,1014.0,29.94,0.49,0.02,67.0,50.0,41.2,106.1,10.0,6.0,6.0,10.5,16.9,290.4,38.3,1.1,1.5,1.5,3.8,1.0,1.0,06:25 AM,06:50 PM,06:10 PM,05:26 AM,Waxing Gibbous,97.0,2024-05-01,5,2.0552022584880576,True
Liechtenstein,Vaduz,47.13,9.52,Europe/Vaduz,1716472800,2024-05-23 16:00,11.0,51.8,Moderate rain,13.6,22.0,250,WSW,1017.0,30.03,0.43,0.02,100.0,50.0,10.8,51.4,5.0,3.0,2.0,18.1,29.2,180.2,78.7,1.2,0.2,1.2,1.3,1.0,1.0,05:37 AM,09:01 PM,09:30 PM,05:04 AM,Full Moon,100.0,2024-05-01,5,-2.0881909419084774,True
Uganda,Kampala,0.32,32.57,Africa/Kampala,1716472800,2024-05-23 17:00,21.1,70.0,Patchy rain nearby,4.9,7.9,194,SSW,1012.0,29.88,0.07,0.0,84.0,68.0,21.1,70.0,10.0,6.0,5.0,8.5,13.7,263.7,30.4,0.5,0.3,1.2,2.6,1.0,1.0,06:42 AM,06:51 PM,06:48 PM,06:20 AM,Full Moon,100.0,2024-05-01,5,-3.0470913417271506,True
Algeria,Algiers,36.76,3.05,Africa/Algiers,1716561000,2024-05-24 15:30,34.0,93.2,Sunny,13.6,22.0,80,E,1011.0,29.85,0.0,0.0,23.0,0.0,41.5,106.6,10.0,6.0,6.0,18.1,29.2,237.0,145.9,13.0,3.8,9.7,21.1,1.0,1.0,05:34 AM,07:56 PM,09:21 PM,05:46 AM,Waning Gibbous,100.0,2024-05-01,5,2.3363280255839562,True
Bangladesh,Dhaka,23.72,90.41,Asia/Dhaka,1716561000,2024-05-24 20:30,36.3,97.3,Clear,4.9,7.9,201,SSW,998.0,29.46,0.0,0.0,39.0,8.0,39.9,103.9,10.0,6.0,1.0,8.6,13.9,2002.7,67.2,66.5,12.8,107.9,131.9,4.0,10.0,05:13 AM,06:38 PM,07:36 PM,05:23 AM,Waning Gibbous,100.0,2024-05-01,5,2.4040224180198484,True
Kazakhstan,Astana,51.18,71.43,Asia/Almaty,1716561000,2024-05-24 19:30,6.0,42.8,Overcast,28.6,46.1,50,NE,1013.0,29.91,0.0,0.0,93.0,100.0,0.8,33.5,10.0,6.0,2.0,33.1,53.3,196.9,60.1,3.8,8.2,0.7,0.8,1.0,1.0,04:12 AM,08:11 PM,09:48 PM,03:59 AM,Waning Gibbous,100.0,2024-05-01,5,-2.1456121663992898,True
Turkey,Ankara,39.93,32.86,Europe/Istanbul,1716561000,2024-05-24 17:30,17.0,62.6,Light rain,2.2,3.6,356,N,1012.0,29.88,0.39,0.02,72.0,75.0,17.0,62.6,10.0,6.0,4.0,14.3,23.0,200.3,75.1,10.0,2.3,2.9,3.4,1.0,1.0,05:26 AM,08:05 PM,09:29 PM,05:32 AM,Waning Gibbous,100.0,2024-05-01,5,-2.0005367996006487,True
China,Beijing,39.93,116.39,Asia/Shanghai,1716645600,2024-05-25 22:00,14.0,57.2,Overcast,2.2,3.6,20,NNE,1007.0,29.74,0.0,0.0,100.0,100.0,14.7,58.4,7.0,4.0,1.0,2.5,4.1,1281.7,0.0,52.8,47.7,87.1,105.1,4.0,10.0,04:52 AM,07:32 PM,09:44 PM,05:33 AM,Waning Gibbous,98.0,2024-05-01,5,-2.3690998101098666,True
Kazakhstan,Astana,51.18,71.43,Asia/Almaty,1716645600,2024-05-25 19:00,6.0,42.8,Light rain,21.7,34.9,70,ENE,1011.0,29.85,0.11,0.0,93.0,50.0,0.9,33.7,3.2,1.0,2.0,29.4,47.4,198.6,55.8,2.4,4.8,0.5,0.5,1.0,1.0,04:11 AM,08:12 PM,10:55 PM,04:37 AM,Waning Gibbous,98.0,2024-05-01,5,-2.1456121663992898,True
Antigua and Barbuda,Saint John's,17.12,-61.85,America/Antigua,1716732000,2024-05-26 10:00,26.0,78.8,Patchy light rain with thunder,4.3,6.8,80,E,1016.0,30.0,0.28,0.01,94.0,75.0,28.3,82.9,2.0,1.0,6.0,22.3,36.0,240.3,24.3,0.5,0.5,1.8,5.6,1.0,1.0,05:34 AM,06:36 PM,09:50 PM,08:02 AM,Waning Gibbous,93.0,2024-05-01,5,-2.5737611141817274,True
Bahamas,Nassau,25.08,-77.35,America/Nassau,1716732000,2024-05-26 10:00,25.0,77.0,Overcast,5.6,9.0,120,ESE,1017.0,30.02,0.09,0.0,89.0,75.0,26.9,80.4,10.0,6.0,6.0,16.9,27.1,263.7,85.8,5.4,7.4,3.5,5.1,1.0,1.0,06:20 AM,07:53 PM,11:15 PM,08:46 AM,Waning Gibbous,93.0,2024-05-01,5,-2.5753541132001816,True
Kyrghyzstan,Bishkek,42.87,74.6,Asia/Bishkek,1716732900,2024-05-26 20:15,8.8,47.9,Sunny,7.2,11.5,110,ESE,1029.0,30.39,0.0,0.0,76.0,13.0,7.0,44.5,10.0,6.0,3.0,10.0,16.1,233.7,62.2,10.9,2.9,5.8,19.6,1.0,1.0,05:29 AM,08:29 PM,11:46 PM,07:08 AM,Waning Gibbous,93.0,2024-05-01,5,-2.181928011491933,True
Saint Kitts and Nevis,Basseterre,17.3,-62.72,America/St_Kitts,1716732900,2024-05-26 10:15,26.0,78.8,Light rain,5.6,9.0,20,NNE,1016.0,30.0,0.36,0.01,89.0,50.0,28.4,83.1,10.0,6.0,6.0,20.4,32.9,237.0,22.5,0.6,0.4,1.4,3.5,1.0,1.0,05:37 AM,06:40 PM,09:54 PM,08:05 AM,Waning Gibbous,93.0,2024-05-01,5,-2.8250906796155832,True
Saint Lucia,Castries,14.0,-61.0,America/St_Lucia,1716732900,2024-05-26 10:15,27.0,80.6,Partly cloudy,8.1,13.0,170,S,1016.0,30.0,0.07,0.0,94.0,75.0,29.2,84.5,10.0,6.0,7.0,17.5,28.2,260.4,22.7,0.3,0.2,1.9,4.1,1.0,1.0,05:35 AM,06:27 PM,09:40 PM,08:06 AM,Waning Gibbous,93.0,2024-05-01,5,-2.496471707367752,True
Bangladesh,Dhaka,23.72,90.41,Asia/Dhaka,1716820200,2024-05-27 20:30,25.3,77.6,Heavy rain,32.7,52.6,188,S,984.0,29.06,9.14,0.36,95.0,100.0,28.8,83.8,5.0,3.0,1.0,47.6,76.7,367.2,80.1,5.7,3.2,19.3,20.1,2.0,2.0,05:12 AM,06:39 PM,10:27 PM,08:12 AM,Waning Gibbous,87.0,2024-05-01,5,-2.4249269607852386,True
Costa Rica,San Juan,9.97,-84.08,America/Costa_Rica,1716820200,2024-05-27 08:30,27.0,80.6,Sunny,8.1,13.0,100,E,1019.0,30.08,0.0,0.0,58.0,0.0,29.3,84.8,10.0,6.0,6.0,12.5,20.2,587.5,2.0,9.0,6.0,4.9,6.8,1.0,1.0,05:14 AM,05:53 PM,10:01 PM,08:52 AM,Waning Gibbous,87.0,2024-05-01,5,2.1947958475038356,True
Turkey,Ankara,39.93,32.86,Europe/Istanbul,1716820200,2024-05-27 17:30,17.0,62.6,Partly cloudy,3.8,6.1,320,NW,1014.0,29.94,0.2,0.01,68.0,75.0,17.0,62.6,10.0,6.0,4.0,9.4,15.2,220.3,57.2,17.7,4.2,2.9,4.0,1.0,1.0,05:25 AM,08:08 PM,No moonrise,08:22 AM,Waning Gibbous,87.0,2024-05-01,5,-2.0005367996006487,True
Angola,Luanda,-8.84,13.23,Africa/Luanda,1716906600,2024-05-28 15:30,32.0,89.6,Sunny,11.9,19.1,280,W,1010.0,29.83,0.0,0.0,59.0,0.0,40.1,104.3,10.0,6.0,8.0,25.1,40.3,447.3,62.9,6.3,2.7,16.8,35.2,2.0,2.0,06:15 AM,05:54 PM,10:39 PM,10:40 AM,Waning Gibbous,79.0,2024-05-01,5,2.491592119880739,True
Djibouti,Djibouti,11.6,43.15,Africa/Djibouti,1716906600,2024-05-28 17:30,40.0,104.0,Mist,11.9,19.1,80,E,1002.0,29.59,0.0,0.0,36.0,0.0,42.0,107.6,8.0,4.0,8.0,17.1,27.5,310.4,83.7,1.3,3.6,51.0,119.0,3.0,6.0,05:43 AM,06:27 PM,11:08 PM,09:59 AM,Waning Gibbous,79.0,2024-05-01,5,2.0455865410586016,True
Suriname,Paramaribo,5.83,-55.17,America/Paramaribo,1716907500,2024-05-28 11:45,25.0,77.0,Light rain,5.6,9.0,80,E,1015.0,29.97,1.31,0.05,94.0,50.0,27.8,82.0,8.0,4.0,6.0,11.7,18.9,205.3,27.2,2.6,2.3,1.2,1.8,1.0,1.0,06:25 AM,06:51 PM,11:46 PM,10:59 AM,Waning Gibbous,79.0,2024-05-01,5,-2.185222243209087,True
Belarus,Minsk,53.9,27.57,Europe/Minsk,1716991200,2024-05-29 17:00,28.0,82.4,Sunny,4.3,6.8,160,SSE,1014.0,29.94,0.0,0.0,27.0,0.0,30.5,86.8,10.0,6.0,6.0,9.2,14.8,191.9,98.7,4.1,4.8,3.4,4.2,1.0,1.0,04:48 AM,09:28 PM,02:02 AM,10:23 AM,Waning Gibbous,69.0,2024-05-01,5,2.0715404411324383,True
Romania,Bucharest,44.43,26.1,Europe/Bucharest,1716991200,2024-05-29 17:00,15.0,59.0,Moderate or heavy rain with thunder,5.6,9.0,50,NE,1010.0,29.83,0.24,0.01,88.0,37.0,14.1,57.3,10.0,6.0,4.0,13.4,21.6,263.7,75.8,11.1,1.5,5.3,6.9,1.0,1.0,05:36 AM,08:51 PM,01:30 AM,11:05 AM,Waning Gibbous,69.0,2024-05-01,5,-2.1683956715683435,True
Solomon Islands,Honiara,-9.43,159.95,Pacific/Guadalcanal,1716992100,2024-05-30 01:15,27.0,80.6,Partly cloudy,2.5,4.0,110,ESE,1011.0,29.85,0.18,0.01,89.0,75.0,31.6,88.8,10.0,6.0,1.0,11.0,17.7,217.0,32.9,0.5,0.2,0.7,0.7,1.0,1.0,06:29 AM,06:06 PM,11:25 PM,11:25 AM,Waning Gibbous,69.0,2024-05-01,5,2.7015465355854418,True
Vanuatu,Port Vila,-17.73,168.32,Pacific/Efate,1716992100,2024-05-30 01:15,19.0,66.2,Partly cloudy,2.2,3.6,121,ESE,1017.0,30.03,0.0,0.0,88.0,50.0,19.0,66.2,10.0,6.0,1.0,27.1,43.7,223.6,54.4,0.2,0.5,2.4,13.4,1.0,1.0,06:09 AM,05:19 PM,10:38 PM,11:03 AM,Waning Gibbous,69.0,2024-05-01,5,-2.3517109949918846,True
Australia,Canberra,-35.28,149.22,Australia/Sydney,1717076700,2024-05-30 23:45,14.0,57.2,Clear,12.5,20.2,350,N,1018.0,30.06,0.0,0.0,72.0,0.0,11.9,53.5,10.0,6.0,1.0,27.4,44.1,223.6,51.5,0.9,0.2,1.7,2.1,1.0,1.0,07:02 AM,04:59 PM,11:38 PM,12:29 PM,Last Quarter,58.0,2024-05-01,5,2.4378431203467144,True
Grenada,Saint George's,12.05,-61.75,America/Grenada,1717076700,2024-05-30 09:45,26.0,78.8,Light rain shower,17.4,28.1,140,SE,1015.0,29.97,0.36,0.01,94.0,75.0,29.1,84.4,10.0,6.0,6.0,28.0,45.0,233.7,31.1,1.3,0.6,1.9,4.3,1.0,1.0,05:42 AM,06:28 PM,12:08 AM,12:10 PM,Last Quarter,58.0,2024-05-01,5,-2.8490944997894303,True
Portugal,Lisbon,38.72,-9.13,Europe/Lisbon,1717076700,2024-05-30 14:45,31.0,87.8,Sunny,8.1,13.0,340,NNW,1011.0,29.85,0.0,0.0,43.0,0.0,32.3,90.1,10.0,6.0,7.0,13.6,21.9,181.9,89.4,1.7,1.7,4.3,8.9,1.0,1.0,06:14 AM,08:54 PM,02:08 AM,01:01 PM,Last Quarter,58.0,2024-05-01,5,2.0056574444468396,True
United States of America,Washington Park,46.6,-120.49,America/Los_Angeles,1717076700,2024-05-30 06:45,2.8,37.0,Sunny,5.6,9.0,280,W,1026.0,30.31,0.0,0.0,75.0,0.0,1.3,34.3,16.0,9.0,3.0,5.9,9.5,191.9,47.2,2.3,0.1,0.5,0.6,1.0,1.0,05:13 AM,08:46 PM,01:56 AM,12:38 PM,Last Quarter,58.0,2024-05-01,5,-2.3673845233726327,True
Liechtenstein,Vaduz,47.13,9.52,Europe/Vaduz,1717164900,2024-05-31 16:15,11.0,51.8,Light rain,4.3,6.8,300,WNW,1010.0,29.83,1.62,0.06,100.0,100.0,11.4,52.4,5.0,3.0,1.0,8.7,14.0,175.2,57.2,1.2,0.2,1.3,1.4,1.0,1.0,05:31 AM,09:09 PM,02:29 AM,01:48 PM,Waning Crescent,47.0,2024-05-01,5,-2.0881909419084774,True
Mozambique,Maputo,-25.97,32.59,Africa/Maputo,1717164900,2024-05-31 16:15,31.0,87.8,Partly cloudy,4.3,6.8,30,NNE,1013.0,29.91,0.0,0.0,29.0,25.0,31.9,89.3,10.0,6.0,8.0,16.5,26.6,330.5,34.3,1.0,1.2,9.0,21.0,1.0,1.0,06:28 AM,05:06 PM,No moonrise,12:50 PM,Waning Crescent,47.0,2024-05-01,5,2.366235417419203,True
Oman,Muscat,23.61,58.59,Asia/Muscat,1717164900,2024-05-31 18:15,42.0,107.6,Sunny,8.1,13.0,330,NNW,1001.0,29.56,0.0,0.0,14.0,0.0,44.0,111.2,10.0,6.0,9.0,10.4,16.7,270.4,137.3,0.3,0.6,34.1,65.5,2.0,3.0,05:19 AM,06:48 PM,12:45 AM,12:38 PM,Waning Crescent,47.0,2024-05-01,5,2.030792554250835,True
Switzerland,Bern,46.92,7.47,Europe/Zurich,1717164900,2024-05-31 16:15,10.0,50.0,Light rain,10.5,16.9,140,SE,1013.0,29.91,0.53,0.02,94.0,75.0,9.3,48.7,10.0,6.0,2.0,15.0,24.1,180.2,66.5,1.7,0.4,0.5,0.6,1.0,1.0,05:40 AM,09:17 PM,02:37 AM,01:57 PM,Waning Crescent,47.0,2024-05-01,5,-2.1253708853537874,True
Denmark,Copenhagen,55.67,12.58,Europe/Copenhagen,1717251300,2024-06-01 16:15,25.0,77.0,Moderate or heavy rain with thunder,13.6,22.0,360,N,1013.0,29.91,0.64,0.03,57.0,75.0,26.5,79.6,10.0,6.0,5.0,16.8,27.0,178.6,70.8,4.9,1.0,3.7,3.9,1.0,1.0,04:33 AM,09:43 PM,02:38 AM,02:57 PM,Waning Crescent,35.0,2024-06-01,6,2.6746981278834636,True
Nepal,Kathmandu,27.72,85.32,Asia/Kathmandu,1717252200,2024-06-01 20:15,21.0,69.8,Patchy light rain with thunder,5.6,9.0,70,ENE,1013.0,29.91,0.0,0.0,88.0,75.0,21.0,69.8,7.0,4.0,1.0,5.6,9.1,587.5,45.4,11.7,2.2,53.1,77.4,3.0,6.0,05:08 AM,06:55 PM,01:18 AM,01:33 PM,Waning Crescent,35.0,2024-06-01,6,-2.3750526153662976,True
Russia,Moscow,55.75,37.62,Europe/Moscow,1717252200,2024-06-01 17:30,29.0,84.2,Moderate or heavy rain with thunder,9.4,15.1,130,SE,1014.0,29.94,0.0,0.0,31.0,25.0,28.7,83.7,10.0,6.0,6.0,12.6,20.3,217.0,62.9,28.1,13.1,2.5,5.9,1.0,1.0,03:53 AM,09:03 PM,01:58 AM,02:11 PM,Waning Crescent,35.0,2024-06-01,6,2.204999185423697,True
Denmark,Copenhagen,55.67,12.58,Europe/Copenhagen,1717336800,2024-06-02 16:00,26.0,78.8,Partly cloudy,13.6,22.0,310,NW,1013.0,29.91,0.0,0.0,48.0,25.0,27.2,81.0,10.0,6.0,6.0,24.1,38.8,176.9,98.7,0.8,0.4,3.3,4.5,1.0,1.0,04:32 AM,09:44 PM,02:44 AM,04:30 PM,Waning Crescent,25.0,2024-06-01,6,3.057464701158235,True
Ghana,Accra,5.55,-0.22,Africa/Accra,1717336800,2024-06-02 14:00,23.0,73.4,Patchy light rain with thunder,5.6,9.0,90,E,1014.0,29.94,0.96,0.04,94.0,25.0,25.0,77.1,8.0,4.0,6.0,18.3,29.4,327.1,50.1,1.9,2.5,9.5,12.6,1.0,1.0,05:46 AM,06:12 PM,02:04 AM,02:33 PM,Waning Crescent,25.0,2024-06-01,6,-3.665242764463321,True
Namibia,Windhoek,-22.57,17.08,Africa/Windhoek,1717336800,2024-06-02 16:00,14.0,57.2,Sunny,13.6,22.0,290,WNW,1017.0,30.03,0.0,0.0,12.0,0.0,11.6,52.9,10.0,6.0,4.0,23.7,38.1,195.3,50.1,0.0,0.1,1.7,8.4,1.0,1.0,07:25 AM,06:14 PM,03:04 AM,03:04 PM,Waning Crescent,25.0,2024-06-01,6,-2.898402227579653,True
Saint Lucia,Castries,14.0,-61.0,America/St_Lucia,1717336800,2024-06-02 10:00,27.0,80.6,Light rain,23.0,37.1,130,SE,1015.0,29.97,0.62,0.02,84.0,75.0,30.3,86.5,5.0,3.0,6.0,27.5,44.3,186.9,35.1,0.2,0.2,1.2,3.2,1.0,1.0,05:35 AM,06:29 PM,02:11 AM,02:52 PM,Waning Crescent,25.0,2024-06-01,6,-2.496471707367752,True
Singapore,Singapore,1.29,103.86,Asia/Singapore,1717336800,2024-06-02 22:00,26.0,78.8,Light rain,2.2,3.6,10,N,1012.0,29.88,0.64,0.03,94.0,75.0,28.6,83.5,10.0,6.0,1.0,12.4,19.9,1869.2,0.0,48.7,36.2,21.7,26.2,2.0,2.0,06:57 AM,07:09 PM,02:56 AM,03:20 PM,Waning Crescent,25.0,2024-06-01,6,-2.135313489689832,True
Sri Lanka,Colombo,6.93,79.85,Asia/Colombo,1717336800,2024-06-02 19:30,25.0,77.0,Partly cloudy,4.3,6.8,150,SSE,1008.0,29.77,0.2,0.01,94.0,50.0,27.6,81.6,7.0,4.0,1.0,18.2,29.3,303.8,34.7,5.3,1.5,1.7,4.0,1.0,1.0,05:54 AM,06:24 PM,02:04 AM,02:32 PM,Waning Crescent,25.0,2024-06-01,6,-2.109663698666516,True
Botswana,Gaborone,-24.65,25.91,Africa/Gaborone,1717424100,2024-06-03 16:15,17.0,62.6,Sunny,17.4,28.1,250,WSW,1016.0,30.0,0.0,0.0,19.0,0.0,17.0,62.6,10.0,6.0,6.0,18.5,29.8,210.3,52.9,0.6,0.2,1.9,8.7,1.0,1.0,06:54 AM,05:35 PM,03:31 AM,03:04 PM,Waning Crescent,16.0,2024-06-01,6,-2.2196590265454095,True
Japan,Tokyo,35.69,139.69,Asia/Tokyo,1717424100,2024-06-03 23:15,16.0,60.8,Light rain,8.1,13.0,30,NNE,1010.0,29.83,0.06,0.0,94.0,75.0,16.0,60.8,8.0,4.0,1.0,14.8,23.8,280.4,51.5,25.7,12.6,6.1,7.8,1.0,1.0,04:26 AM,06:53 PM,01:49 AM,03:20 PM,Waning Crescent,16.0,2024-06-01,6,-2.2112100415380374,True
Lesotho,Maseru,-29.32,27.48,Africa/Johannesburg,1717424100,2024-06-03 16:15,7.8,46.0,Patchy rain nearby,14.5,23.4,295,WNW,1013.0,29.92,0.04,0.0,44.0,77.0,4.2,39.6,10.0,6.0,3.0,16.7,26.9,230.3,44.7,0.7,0.4,1.0,2.0,1.0,1.0,06:58 AM,05:19 PM,03:29 AM,02:51 PM,Waning Crescent,16.0,2024-06-01,6,-2.17917275780311,True
Tanzania,Dodoma,-6.18,35.75,Africa/Dar_es_Salaam,1717424100,2024-06-03 17:15,31.0,87.8,Sunny,5.6,9.0,180,S,1016.0,30.0,0.0,0.0,31.0,0.0,29.6,85.3,10.0,6.0,9.0,10.1,16.2,257.0,48.6,0.4,0.3,7.9,12.4,1.0,1.0,06:42 AM,06:28 PM,03:33 AM,03:45 PM,Waning Crescent,16.0,2024-06-01,6,2.0161327963851203,True
Lesotho,Maseru,-29.32,27.48,Africa/Johannesburg,1717510500,2024-06-04 16:15,3.4,38.2,Patchy rain nearby,4.7,7.6,52,NE,1019.0,30.08,0.05,0.0,93.0,71.0,1.4,34.5,10.0,6.0,2.0,6.8,10.9,195.3,45.1,0.4,0.2,1.8,7.6,1.0,1.0,06:58 AM,05:19 PM,04:36 AM,03:30 PM,Waning Crescent,8.0,2024-06-01,6,-3.1834399040425483,True
Tanzania,Dodoma,-6.18,35.75,Africa/Dar_es_Salaam,1717510500,2024-06-04 17:15,31.0,87.8,Sunny,9.4,15.1,150,SSE,1016.0,30.0,0.0,0.0,27.0,0.0,30.1,86.1,10.0,6.0,8.0,13.9,22.3,293.7,50.8,0.6,0.3,9.2,11.6,1.0,1.0,06:42 AM,06:29 PM,04:27 AM,04:35 PM,Waning Crescent,8.0,2024-06-01,6,2.0161327963851203,True
Palau,Adkip,7.36,134.51,Pacific/Palau,1717596900,2024-06-05 23:15,24.0,75.2,Light rain,8.1,13.0,270,W,1013.0,29.92,0.12,0.0,94.0,100.0,26.0,78.8,9.7,6.0,1.0,18.5,29.8,203.6,12.9,1.0,0.6,0.5,0.7,1.0,1.0,05:45 AM,06:16 PM,04:11 AM,05:04 PM,Waning Crescent,3.0,2024-06-01,6,-2.297002508177527,True
Tonga,Nuku`Aloia,-21.13,-175.2,Pacific/Tongatapu,1717596900,2024-06-06 03:15,19.0,66.2,Partly cloudy,4.3,6.8,140,SE,1017.0,30.03,0.03,0.0,83.0,25.0,19.0,66.2,10.0,6.0,1.0,15.1,24.3,227.0,66.5,0.3,0.4,1.1,4.1,1.0,1.0,07:12 AM,06:06 PM,05:30 AM,04:42 PM,Waning Crescent,3.0,2024-06-01,6,-2.6896904711208975,True
Fiji Islands,Suva,-18.13,178.42,Pacific/Fiji,1717682400,2024-06-07 02:00,19.0,66.2,Partly cloudy,3.8,6.1,320,NW,1017.0,30.03,0.01,0.0,100.0,25.0,19.0,66.2,10.0,6.0,1.0,14.3,23.0,223.6,45.8,1.5,1.4,1.2,4.4,1.0,1.0,06:32 AM,05:38 PM,05:55 AM,05:07 PM,New Moon,0.0,2024-06-01,6,-2.4466608600587567,True
Kiribati,Tarawa,-0.88,169.53,Pacific/Tarawa,1717682400,2024-06-07 02:00,28.2,82.7,Clear,2.5,4.0,99,E,1009.0,29.79,0.0,0.0,68.0,5.0,31.0,87.7,10.0,6.0,1.0,3.3,5.3,240.3,10.4,0.0,0.0,0.5,0.9,1.0,1.0,06:38 AM,06:43 PM,05:57 AM,06:21 PM,New Moon,0.0,2024-06-01,6,-2.6087330717202213,True
Nigeria,Abuja,9.18,7.18,Africa/Lagos,1717682400,2024-06-06 15:00,25.0,77.0,Partly cloudy,4.3,6.8,340,NNW,1013.0,29.91,0.1,0.0,89.0,25.0,26.0,78.8,10.0,6.0,7.0,5.4,8.7,340.5,29.7,0.5,0.1,2.2,4.2,1.0,1.0,06:11 AM,06:49 PM,05:52 AM,07:00 PM,New Moon,0.0,2024-06-01,6,-2.193362707050204,True
Philippines,Manila,14.6,120.98,Asia/Manila,1717682400,2024-06-06 22:00,25.0,77.0,Moderate rain,2.2,3.6,332,NNW,1011.0,29.85,1.17,0.05,94.0,50.0,27.3,81.1,6.0,3.0,1.0,18.3,29.5,1789.1,0.0,50.0,22.9,51.4,71.2,3.0,6.0,05:26 AM,06:23 PM,04:47 AM,06:17 PM,New Moon,0.0,2024-06-01,6,-2.5092813506683562,True
Singapore,Singapore,1.29,103.86,Asia/Singapore,1717682400,2024-06-06 22:00,26.0,78.8,Partly cloudy,3.8,6.1,350,N,1011.0,29.85,0.0,0.0,94.0,75.0,28.1,82.6,9.0,5.0,1.0,8.0,12.8,2029.4,0.0,54.2,59.1,36.0,41.9,2.0,4.0,06:58 AM,07:09 PM,06:25 AM,06:59 PM,New Moon,0.0,2024-06-01,6,-2.135313489689832,True
Algeria,Algiers,36.76,3.05,Africa/Algiers,1717768800,2024-06-07 15:00,35.0,95.0,Partly cloudy,17.4,28.1,60,ENE,1012.0,29.88,0.0,0.0,32.0,75.0,39.5,103.1,10.0,6.0,7.0,37.3,60.0,340.5,140.2,37.4,5.8,20.0,47.4,2.0,2.0,05:29 AM,08:05 PM,05:50 AM,09:36 PM,Waxing Crescent,0.0,2024-06-01,6,2.670885738078079,True
Israel,Jerusalem,31.78,35.23,Asia/Jerusalem,1717768800,2024-06-07 17:00,35.4,95.7,Sunny,10.5,16.9,280,W,1006.0,29.71,0.0,0.0,28.0,0.0,35.0,94.9,10.0,6.0,8.0,26.0,41.8,196.9,134.5,6.1,3.1,13.4,21.2,1.0,2.0,05:34 AM,07:43 PM,05:54 AM,09:04 PM,Waxing Crescent,0.0,2024-06-01,6,2.040797806391466,True
Namibia,Windhoek,-22.57,17.08,Africa/Windhoek,1717768800,2024-06-07 16:00,15.0,59.1,Sunny,15.9,25.6,85,E,1023.0,30.21,0.0,0.0,20.0,0.0,15.0,59.1,10.0,6.0,6.0,18.3,29.4,188.6,49.4,0.1,0.2,2.6,14.2,1.0,1.0,07:27 AM,06:14 PM,08:23 AM,07:04 PM,Waxing Crescent,0.0,2024-06-01,6,-2.551743851468901,True
Zimbabwe,Harare,-17.82,31.04,Africa/Harare,1717768800,2024-06-07 16:00,27.9,82.3,Sunny,3.8,6.1,189,S,1015.0,29.98,0.0,0.0,14.0,0.0,26.0,78.7,10.0,6.0,8.0,4.4,7.1,647.5,104.4,10.7,19.1,53.0,58.8,3.0,6.0,06:22 AM,05:28 PM,07:13 AM,06:18 PM,Waxing Crescent,0.0,2024-06-01,6,2.154133238762105,True
Swaziland,Mbabane,-26.32,31.13,Africa/Mbabane,1717856100,2024-06-08 16:15,10.8,51.5,Patchy rain nearby,3.8,6.1,131,SE,1033.0,30.5,0.04,0.0,67.0,74.0,10.4,50.7,10.0,6.0,4.0,5.0,8.0,220.3,45.4,0.5,1.1,1.7,3.1,1.0,1.0,06:39 AM,05:11 PM,08:34 AM,06:55 PM,Waxing Crescent,3.0,2024-06-01,6,-2.989207406817191,True
Finland,Helsinki,60.18,24.93,Europe/Helsinki,1717856100,2024-06-08 17:15,12.3,54.1,Light rain,9.4,15.1,260,W,1008.0,29.77,0.0,0.0,82.0,50.0,10.3,50.6,10.0,6.0,4.0,16.9,27.2,176.9,90.8,1.8,0.9,0.5,0.9,1.0,1.0,03:59 AM,10:41 PM,04:08 AM,01:15 AM,Waxing Crescent,3.0,2024-06-01,6,-2.0984453972675943,True
Mozambique,Maputo,-25.97,32.59,Africa/Maputo,1717856100,2024-06-08 16:15,20.2,68.4,Partly cloudy,13.6,22.0,220,SW,1031.0,30.45,0.01,0.0,56.0,75.0,20.2,68.4,10.0,6.0,6.0,18.8,30.2,333.8,50.1,1.2,1.4,3.1,7.0,1.0,1.0,06:32 AM,05:06 PM,08:27 AM,06:50 PM,Waxing Crescent,3.0,2024-06-01,6,-2.1435309075444535,True
Argentina,Buenos Aires,-34.59,-58.67,America/Argentina/Buenos_Aires,1717942500,2024-06-09 11:15,23.4,74.1,Sunny,11.9,19.1,350,N,1003.0,29.62,0.0,0.0,69.0,0.0,25.2,77.3,10.0,6.0,7.0,17.2,27.6,310.4,52.9,2.9,1.1,23.0,24.1,2.0,2.0,07:58 AM,05:51 PM,10:59 AM,08:49 PM,Waxing Crescent,7.0,2024-06-01,6,2.4621144200202925,True
Fiji Islands,Suva,-18.13,178.42,Pacific/Fiji,1717942500,2024-06-10 02:15,18.2,64.8,Partly cloudy,4.3,6.8,320,NW,1018.0,30.06,0.01,0.0,100.0,25.0,18.2,64.8,10.0,6.0,1.0,13.5,21.7,207.0,27.9,2.4,1.6,2.0,6.1,1.0,1.0,06:33 AM,05:38 PM,08:55 AM,08:03 PM,Waxing Crescent,7.0,2024-06-01,6,-2.920481061199819,True
Malawi,Lilongwe,-13.98,33.78,Africa/Blantyre,1717942500,2024-06-09 16:15,17.1,62.8,Light drizzle,11.9,19.1,170,S,1026.0,30.3,0.0,0.0,72.0,75.0,17.1,62.8,9.0,5.0,6.0,12.6,20.3,223.6,42.6,0.3,0.3,0.7,1.7,1.0,1.0,06:05 AM,05:24 PM,08:45 AM,08:13 PM,Waxing Crescent,7.0,2024-06-01,6,-2.918792306121218,True
New Zealand,Wellington,-41.3,174.78,Pacific/Auckland,1717942500,2024-06-10 02:15,16.1,61.0,Light rain,25.5,41.0,340,NNW,1003.0,29.62,2.46,0.1,88.0,75.0,16.1,61.0,10.0,6.0,1.0,39.5,63.6,223.6,46.5,0.6,0.0,1.5,3.0,1.0,1.0,07:43 AM,04:58 PM,10:21 AM,07:09 PM,Waxing Crescent,7.0,2024-06-01,6,2.2922054490299333,True
Palau,Adkip,7.36,134.51,Pacific/Palau,1717942500,2024-06-09 23:15,24.2,75.6,Partly cloudy,3.8,6.1,360,N,1013.0,29.9,0.0,0.0,100.0,75.0,26.0,78.8,24.0,14.0,1.0,14.2,22.8,210.3,10.6,0.1,0.1,0.5,1.0,1.0,1.0,05:45 AM,06:17 PM,08:02 AM,08:58 PM,Waxing Crescent,7.0,2024-06-01,6,-2.1313435761893507,True
Sudan,Juba,12.15,24.45,Africa/Khartoum,1717942500,2024-06-09 16:15,33.9,92.9,Sunny,11.4,18.4,208,SSW,1008.0,29.77,0.0,0.0,31.0,16.0,33.9,93.1,10.0,6.0,8.0,13.1,21.1,260.4,22.2,0.1,0.1,7.6,28.8,1.0,1.0,05:57 AM,06:46 PM,08:29 AM,09:44 PM,Waxing Crescent,7.0,2024-06-01,6,-2.0791622739709887,True
Uruguay,Montevideo,-34.86,-56.17,America/Montevideo,1717942500,2024-06-09 11:15,21.3,70.3,Overcast,18.6,29.9,10,N,1004.0,29.65,0.0,0.0,78.0,100.0,21.3,70.3,10.0,6.0,7.0,36.1,58.1,340.5,60.8,3.2,3.0,25.3,27.6,2.0,3.0,07:48 AM,05:40 PM,10:50 AM,08:37 PM,Waxing Crescent,7.0,2024-06-01,6,2.473932850660411,True
Cameroon,Bafoussam,5.47,10.42,Africa/Douala,1718028900,2024-06-10 15:15,17.3,63.1,Mist,2.2,3.6,1,N,1016.0,30.01,0.06,0.0,96.0,74.0,17.3,63.1,2.0,1.0,4.0,6.7,10.8,330.5,19.3,0.2,0.2,1.3,2.2,1.0,1.0,06:05 AM,06:31 PM,09:35 AM,10:16 PM,Waxing Crescent,13.0,2024-06-01,6,-2.3468781474688587,True
Finland,Helsinki,60.18,24.93,Europe/Helsinki,1718028900,2024-06-10 17:15,12.0,53.6,Patchy rain possible,25.5,41.0,190,S,1001.0,29.56,0.01,0.0,82.0,25.0,10.5,50.8,8.0,4.0,3.0,30.0,48.2,181.9,79.4,1.3,0.6,0.5,1.1,1.0,1.0,03:57 AM,10:43 PM,07:20 AM,01:54 AM,Waxing Crescent,13.0,2024-06-01,6,-2.17282067717075,True
Malawi,Lilongwe,-13.98,33.78,Africa/Blantyre,1718028900,2024-06-10 16:15,19.1,66.4,Partly cloudy,15.0,24.1,170,S,1027.0,30.33,0.0,0.0,56.0,75.0,19.1,66.4,10.0,6.0,5.0,19.5,31.3,223.6,52.2,0.4,0.4,1.0,2.5,1.0,1.0,06:05 AM,05:24 PM,09:34 AM,09:08 PM,Waxing Crescent,13.0,2024-06-01,6,-2.010050446543077,True
Mozambique,Maputo,-25.97,32.59,Africa/Maputo,1718028900,2024-06-10 16:15,20.0,68.0,Partly cloudy,9.4,15.1,50,NE,1031.0,30.45,0.0,0.0,68.0,75.0,20.0,68.0,10.0,6.0,7.0,13.9,22.3,654.2,69.4,3.0,4.1,13.0,26.9,1.0,2.0,06:33 AM,05:06 PM,10:03 AM,08:51 PM,Waxing Crescent,13.0,2024-06-01,6,-2.227045098747484,True
Samoa,Apia,-13.83,-171.73,Pacific/Apia,1718028900,2024-06-11 03:15,22.3,72.1,Partly cloudy,4.3,6.8,120,ESE,1014.0,29.94,0.14,0.01,94.0,50.0,24.7,76.4,10.0,6.0,1.0,26.3,42.3,220.3,52.2,0.3,0.2,3.3,7.9,1.0,1.0,06:47 AM,06:06 PM,09:55 AM,09:28 PM,Waxing Crescent,13.0,2024-06-01,6,-2.3596861115682266,True
Sweden,Stockholm,59.33,18.05,Europe/Stockholm,1718028900,2024-06-10 16:15,10.3,50.5,Moderate rain,4.3,6.8,210,SSW,994.0,29.35,0.13,0.01,87.0,25.0,8.1,46.5,5.0,3.0,2.0,15.7,25.3,178.6,65.1,3.6,2.6,0.5,0.8,1.0,1.0,03:34 AM,10:02 PM,06:58 AM,01:12 AM,Waxing Crescent,13.0,2024-06-01,6,-2.8793798510277973,True
Zambia,Lusaka,-15.42,28.28,Africa/Lusaka,1718029800,2024-06-10 16:30,18.0,64.3,Partly Cloudy,7.4,11.9,96,E,1024.0,30.22,0.0,0.0,44.0,44.0,18.0,64.3,10.0,6.0,6.0,9.6,15.5,881.2,48.6,3.5,4.0,8.7,14.2,1.0,1.0,06:29 AM,05:44 PM,09:59 AM,09:29 PM,Waxing Crescent,13.0,2024-06-01,6,-2.1700207506664997,True
Bahrain,Manama,26.24,50.58,Asia/Bahrain,1718114400,2024-06-11 17:00,40.2,104.4,Sunny,6.9,11.2,80,E,1002.0,29.59,0.0,0.0,34.0,0.0,42.2,108.0,10.0,6.0,9.0,19.3,31.0,423.9,217.4,24.7,8.8,44.5,92.9,3.0,5.0,04:45 AM,06:30 PM,09:05 AM,10:43 PM,Waxing Crescent,21.0,2024-06-01,6,2.0304215598539903,True
Chad,N'djamena,12.11,15.05,Africa/Douala,1718114400,2024-06-11 15:00,32.2,90.0,Partly cloudy,4.3,6.8,180,S,1012.0,29.88,0.0,0.0,52.0,25.0,31.9,89.5,8.0,4.0,9.0,8.7,14.0,500.7,39.7,0.9,1.1,6.5,9.7,1.0,1.0,05:35 AM,06:24 PM,09:56 AM,10:49 PM,Waxing Crescent,21.0,2024-06-01,6,-2.4962350475183412,True
Comoros,Moroni,-11.7,43.24,Indian/Comoro,1718114400,2024-06-11 17:00,23.9,75.0,Light rain shower,18.1,29.2,172,S,1018.0,30.07,0.22,0.01,81.0,72.0,25.9,78.6,10.0,6.0,6.0,21.4,34.5,240.3,47.9,0.2,0.2,2.4,6.1,1.0,1.0,06:23 AM,05:50 PM,10:34 AM,10:23 PM,Waxing Crescent,21.0,2024-06-01,6,-2.2109277057678867,True
Seychelles Islands,Victoria,-4.62,55.45,Indian/Mahe,1718115300,2024-06-11 18:15,25.2,77.4,Light rain,2.2,3.6,74,ENE,1012.0,29.88,0.1,0.0,89.0,75.0,27.1,80.8,10.0,6.0,7.0,6.7,10.8,257.0,16.8,0.7,0.8,1.9,3.0,1.0,1.0,06:22 AM,06:14 PM,10:33 AM,10:42 PM,Waxing Crescent,21.0,2024-06-01,6,-3.8695631843207727,True
Denmark,Copenhagen,55.67,12.58,Europe/Copenhagen,1718201700,2024-06-12 16:15,12.1,53.8,Partly cloudy,12.5,20.2,230,SW,1012.0,29.88,0.13,0.01,77.0,75.0,9.6,49.3,10.0,6.0,3.0,20.2,32.5,180.2,72.2,0.8,0.2,0.5,0.8,1.0,1.0,04:26 AM,09:54 PM,10:39 AM,01:26 AM,Waxing Crescent,29.0,2024-06-01,6,-2.2629906673610876,True
Dominica,Roseau,15.3,-61.4,America/Dominica,1718201700,2024-06-12 10:15,35.3,95.5,Partly cloudy,2.2,3.6,230,SW,1015.0,29.97,0.0,0.0,50.0,25.0,49.8,121.7,10.0,6.0,7.0,10.7,17.2,185.3,30.8,0.4,0.3,1.4,5.9,1.0,1.0,05:35 AM,06:36 PM,10:57 AM,11:42 PM,Waxing Crescent,29.0,2024-06-01,6,2.3583008041434383,True
Qatar,Doha,25.29,51.53,Asia/Qatar,1718201700,2024-06-12 17:15,46.2,115.2,Sunny,6.9,11.2,20,NNE,1000.0,29.53,0.0,0.0,11.0,0.0,48.2,118.8,10.0,6.0,9.0,15.9,25.6,370.5,52.2,101.5,37.2,44.2,151.2,3.0,5.0,04:43 AM,06:25 PM,09:58 AM,11:09 PM,Waxing Crescent,29.0,2024-06-01,6,3.005990685323596,True
Argentina,Buenos Aires,-34.59,-58.67,America/Argentina/Buenos_Aires,1718287200,2024-06-13 11:00,24.2,75.6,Sunny,11.9,19.1,20,NNE,999.0,29.5,0.0,0.0,57.0,0.0,25.2,77.4,10.0,6.0,7.0,23.7,38.1,273.7,44.0,3.2,0.9,8.8,9.6,1.0,1.0,07:59 AM,05:51 PM,01:01 PM,No moonset,Waxing Crescent,38.0,2024-06-01,6,2.6590366873677858,True
Central African Republic,Bangui,4.37,18.58,Africa/Bangui,1718287200,2024-06-13 15:00,27.1,80.8,Partly Cloudy,2.9,4.7,222,SW,1010.0,29.83,0.0,0.0,70.0,37.0,29.4,84.9,10.0,6.0,7.0,3.4,5.4,507.4,26.5,0.1,0.6,5.3,6.5,1.0,1.0,05:35 AM,05:57 PM,11:21 AM,11:44 PM,Waxing Crescent,38.0,2024-06-01,6,-2.244598442114283,True
Poland,Warsaw,52.25,21.0,Europe/Warsaw,1718287200,2024-06-13 16:00,17.2,63.0,Sunny,8.1,13.0,170,S,1016.0,30.0,0.0,0.0,48.0,0.0,17.2,63.0,10.0,6.0,5.0,10.2,16.3,188.6,95.8,2.7,1.3,3.0,3.7,1.0,1.0,04:14 AM,08:58 PM,11:27 AM,12:51 AM,Waxing Crescent,38.0,2024-06-01,6,-2.014625096445115,True
Uruguay,Montevideo,-34.86,-56.17,America/Montevideo,1718287200,2024-06-13 11:00,22.3,72.1,Sunny,20.6,33.1,10,N,1002.0,29.59,0.0,0.0,65.0,0.0,24.7,76.4,10.0,6.0,7.0,40.6,65.3,310.4,52.9,3.4,3.3,15.7,17.3,2.0,2.0,07:50 AM,05:40 PM,12:51 PM,No moonset,Waxing Crescent,38.0,2024-06-01,6,2.795630430353011,True
Vanuatu,Port Vila,-17.73,168.32,Pacific/Efate,1718287200,2024-06-14 01:00,19.2,66.6,Partly cloudy,2.5,4.0,40,NE,1012.0,29.88,0.0,0.0,94.0,50.0,19.2,66.6,10.0,6.0,1.0,17.9,28.8,217.0,54.4,0.1,0.1,1.8,8.3,1.0,1.0,06:14 AM,05:19 PM,11:22 AM,11:16 PM,Waxing Crescent,38.0,2024-06-01,6,-2.233837950010629,True
Vietnam,Hanoi,21.03,105.85,Asia/Bangkok,1718287200,2024-06-13 21:00,34.4,93.9,Clear,2.2,3.6,133,SE,1000.0,29.53,0.0,0.0,60.0,0.0,46.0,114.7,9.0,5.0,1.0,7.6,12.3,1148.2,3.2,63.8,48.6,32.9,46.2,2.0,3.0,05:15 AM,06:39 PM,11:09 AM,11:54 PM,Waxing Crescent,38.0,2024-06-01,6,2.464931940853686,True
Bahamas,Nassau,25.08,-77.35,America/Nassau,1718373600,2024-06-14 10:00,25.2,77.4,Light rain,10.5,16.9,170,S,1015.0,29.98,0.05,0.0,89.0,100.0,27.0,80.5,10.0,6.0,6.0,21.2,34.1,260.4,39.3,4.3,7.3,4.3,10.2,1.0,1.0,06:19 AM,08:01 PM,01:35 PM,01:24 AM,First Quarter,48.0,2024-06-01,6,-2.4308099398378173,True
Belarus,Minsk,53.9,27.57,Europe/Minsk,1718373600,2024-06-14 17:00,14.3,57.7,Light rain,6.9,11.2,320,NW,1015.0,29.97,0.02,0.0,88.0,25.0,13.0,55.4,7.0,4.0,3.0,13.7,22.1,183.6,83.0,4.2,3.4,3.4,3.6,1.0,1.0,04:37 AM,09:43 PM,01:10 PM,01:37 AM,First Quarter,48.0,2024-06-01,6,-2.3139060998079772,True
Gambia,Banjul,13.45,-16.58,Africa/Banjul,1718373600,2024-06-14 14:00,26.3,79.3,Partly Cloudy,5.4,8.6,212,SSW,1012.0,29.88,0.0,0.0,74.0,53.0,28.4,83.1,10.0,6.0,7.0,7.6,12.3,161.9,73.0,0.2,0.5,33.5,154.0,2.0,3.0,06:39 AM,07:35 PM,01:25 PM,01:11 AM,First Quarter,48.0,2024-06-01,6,-2.0163159182523316,True
Latvia,Riga,56.95,24.1,Europe/Riga,1718373600,2024-06-14 17:00,14.1,57.4,Partly cloudy,4.3,6.8,150,SSE,1016.0,30.0,0.01,0.0,82.0,37.0,13.4,56.2,10.0,6.0,4.0,8.7,14.1,178.6,82.3,1.8,0.9,0.8,1.1,1.0,1.0,04:29 AM,10:19 PM,01:22 PM,01:54 AM,First Quarter,48.0,2024-06-01,6,-2.069017197068702,True
Micronesia,Palikir,6.92,158.15,Pacific/Pohnpei,1718373600,2024-06-15 01:00,24.5,76.1,Heavy rain,5.6,9.0,207,SSW,1009.0,29.81,7.68,0.3,92.0,84.0,27.1,80.8,5.0,3.0,1.0,7.7,12.4,267.0,5.3,0.0,0.0,0.5,0.8,1.0,1.0,06:12 AM,06:43 PM,12:26 PM,12:12 AM,First Quarter,48.0,2024-06-01,6,-2.2743127697584713,True
Vietnam,Hanoi,21.03,105.85,Asia/Bangkok,1718373600,2024-06-14 21:00,35.1,95.2,Clear,5.6,9.0,170,S,1000.0,29.53,0.0,0.0,56.0,0.0,49.2,120.5,8.0,4.0,1.0,7.5,12.1,3578.2,10.0,113.8,32.0,148.6,198.4,4.0,10.0,05:15 AM,06:39 PM,11:58 AM,No moonset,First Quarter,48.0,2024-06-01,6,2.7687585232439247,True
Chad,N'djamena,12.11,15.05,Africa/Douala,1718460000,2024-06-15 15:00,33.4,92.1,Partly Cloudy,14.1,22.7,137,SE,1009.0,29.79,0.0,0.0,35.0,45.0,34.1,93.4,10.0,6.0,8.0,16.2,26.1,333.8,20.9,0.3,0.3,5.3,23.3,1.0,1.0,05:36 AM,06:25 PM,12:59 PM,12:35 AM,Waxing Gibbous,57.0,2024-06-01,6,-2.0979753248373534,True
Costa Rica,San Ignacio,9.8,-84.17,America/Costa_Rica,1718460000,2024-06-15 08:00,19.2,66.6,Light drizzle,3.1,5.0,229,SW,1014.0,29.95,0.19,0.01,96.0,95.0,19.2,66.6,2.0,1.0,4.0,3.6,5.8,1001.4,0.6,7.1,6.0,22.9,24.3,2.0,2.0,05:17 AM,05:58 PM,12:47 PM,12:21 AM,Waxing Gibbous,57.0,2024-06-01,6,-2.033491574374038,True
Iceland,Grindavik,63.83,-22.43,Atlantic/Reykjavik,1718460000,2024-06-15 14:00,13.0,55.4,Sunny,6.9,11.2,300,WNW,1015.0,29.97,0.0,0.0,72.0,0.0,11.5,52.6,10.0,6.0,4.0,17.4,27.9,170.2,61.5,0.2,0.2,1.0,1.7,1.0,1.0,03:06 AM,11:55 PM,03:03 PM,02:02 AM,Waxing Gibbous,57.0,2024-06-01,6,2.317890426466217,True
Mali,Bamako,12.65,-8.0,Africa/Bamako,1718460000,2024-06-15 14:00,29.0,84.2,Partly cloudy,15.0,24.1,60,ENE,1015.0,29.97,0.0,0.0,62.0,25.0,31.4,88.5,10.0,6.0,7.0,19.5,31.3,327.1,17.7,0.1,0.2,0.8,2.0,1.0,1.0,06:07 AM,06:59 PM,01:34 PM,01:10 AM,Waxing Gibbous,57.0,2024-06-01,6,-2.1535377878004898,True
Papua New Guinea,Port Moresby,-9.46,147.19,Pacific/Port_Moresby,1718460000,2024-06-16 00:00,22.2,72.0,Partly Cloudy,8.9,14.4,122,ESE,1012.0,29.88,0.0,0.0,85.0,35.0,24.6,76.3,10.0,6.0,1.0,14.5,23.3,223.6,38.3,5.0,5.1,3.4,10.2,1.0,1.0,06:24 AM,05:59 PM,12:52 PM,12:31 AM,Waxing Gibbous,57.0,2024-06-01,6,-2.459581745789158,True
Rwanda,Kigali,-1.95,30.06,Africa/Kigali,1718460000,2024-06-15 16:00,22.4,72.3,Sunny,2.2,3.6,221,SW,1010.0,29.83,0.0,0.0,58.0,18.0,24.7,76.4,10.0,6.0,7.0,6.7,10.8,303.8,68.7,0.7,0.8,17.0,25.8,2.0,2.0,06:00 AM,06:01 PM,12:54 PM,12:34 AM,Waxing Gibbous,57.0,2024-06-01,6,-2.7060844471761194,True
Tunisia,Tunis,36.8,10.18,Africa/Tunis,1718460000,2024-06-15 15:00,20.2,68.4,Clear,5.6,9.0,159,SSE,1015.0,29.98,0.0,0.0,63.0,15.0,20.2,68.4,10.0,6.0,1.0,10.0,16.1,303.8,62.2,12.5,7.6,10.5,22.7,1.0,1.0,05:00 AM,07:40 PM,01:26 PM,12:54 AM,Waxing Gibbous,57.0,2024-06-01,6,-2.2625380240261346,True
Yemen,Sanaa,15.35,44.21,Asia/Aden,1718460000,2024-06-15 17:00,22.5,72.5,Partly Cloudy,7.2,11.5,240,WSW,1010.0,29.83,0.0,0.0,38.0,44.0,24.1,75.3,10.0,6.0,6.0,8.2,13.2,153.5,90.1,1.8,4.1,26.3,89.4,2.0,3.0,05:33 AM,06:35 PM,12:59 PM,12:36 AM,Waxing Gibbous,57.0,2024-06-01,6,-2.969477001927892,True
Costa Rica,San Ignacio,9.8,-84.17,America/Costa_Rica,1718545500,2024-06-16 07:45,18.1,64.5,Patchy rain nearby,2.2,3.6,138,SE,1014.0,29.94,0.04,0.0,93.0,78.0,18.1,64.5,10.0,6.0,4.0,2.6,4.1,320.4,7.8,4.6,3.7,1.8,2.1,1.0,1.0,05:17 AM,05:59 PM,01:31 PM,12:57 AM,Waxing Gibbous,67.0,2024-06-01,6,-2.6297885184850185,True
Equatorial Guinea,Malabo,3.75,8.78,Africa/Malabo,1718545500,2024-06-16 14:45,23.6,74.5,Heavy rain,9.2,14.8,259,W,1012.0,29.88,16.92,0.67,95.0,100.0,26.1,78.9,5.0,3.0,5.0,11.4,18.3,454.0,64.4,0.0,0.1,4.6,5.0,1.0,1.0,06:15 AM,06:36 PM,02:04 PM,01:39 AM,Waxing Gibbous,67.0,2024-06-01,6,-2.7950947745430916,True
Mongolia,Ulaanbaatar,47.92,106.92,Asia/Ulaanbaatar,1718545500,2024-06-16 21:45,25.1,77.2,Partly cloudy,2.2,3.6,80,E,1008.0,29.77,0.0,0.0,24.0,50.0,25.7,78.3,10.0,6.0,1.0,9.4,15.1,212.0,27.5,13.7,12.5,4.8,5.4,1.0,1.0,04:53 AM,08:54 PM,02:53 PM,01:37 AM,Waxing Gibbous,67.0,2024-06-01,6,2.2997336793155534,True
Pakistan,Islamabad,33.7,73.17,Asia/Karachi,1718545500,2024-06-16 18:45,41.6,106.9,Sunny,10.7,17.3,308,NW,997.0,29.44,0.0,0.0,11.0,0.0,42.4,108.3,10.0,6.0,10.0,12.3,19.9,587.5,107.3,24.0,2.1,16.8,31.4,2.0,2.0,04:57 AM,07:20 PM,01:59 PM,01:02 AM,Waxing Gibbous,67.0,2024-06-01,6,2.304837557751187,True
Rwanda,Kigali,-1.95,30.06,Africa/Kigali,1718545500,2024-06-16 15:45,22.9,73.2,Partly Cloudy,3.1,5.0,124,SE,1011.0,29.85,0.0,0.0,55.0,46.0,24.8,76.6,10.0,6.0,7.0,4.5,7.3,257.0,46.5,0.6,0.5,9.9,15.6,1.0,1.0,06:00 AM,06:01 PM,01:33 PM,01:14 AM,Waxing Gibbous,67.0,2024-06-01,6,-2.3741465184921324,True
Guinea,Conakry,9.51,-13.71,Africa/Conakry,1718632800,2024-06-17 14:00,25.3,77.5,Moderate or heavy rain with thunder,2.2,3.6,247,WSW,1011.0,29.85,2.9,0.11,94.0,100.0,27.4,81.3,8.0,4.0,6.0,11.3,18.2,323.8,50.8,0.3,0.2,1.2,12.0,1.0,1.0,06:35 AM,07:17 PM,03:26 PM,02:45 AM,Waxing Gibbous,75.0,2024-06-01,6,-2.0738970232800003,True
Malaysia,Kuala Lumpur,3.17,101.7,Asia/Kuala_Lumpur,1718632800,2024-06-17 22:00,23.6,74.4,Cloudy,2.7,4.3,322,NW,1012.0,29.89,0.0,0.0,92.0,87.0,25.9,78.6,10.0,6.0,1.0,4.5,7.3,5661.0,0.0,51.4,60.1,71.2,93.8,4.0,10.0,07:05 AM,07:24 PM,03:24 PM,02:56 AM,Waxing Gibbous,75.0,2024-06-01,6,-2.2211130140413045,True
Papua New Guinea,Port Moresby,-9.46,147.19,Pacific/Port_Moresby,1718632800,2024-06-18 00:00,22.1,71.8,Clear,10.3,16.6,126,SE,1013.0,29.93,0.0,0.0,79.0,4.0,24.6,76.2,10.0,6.0,1.0,16.5,26.5,227.0,49.4,4.5,4.8,1.8,5.0,1.0,1.0,06:25 AM,05:59 PM,02:04 PM,01:58 AM,Waxing Gibbous,75.0,2024-06-01,6,-2.5422236924476715,True
Uganda,Kampala,0.32,32.57,Africa/Kampala,1718632800,2024-06-17 17:00,22.4,72.3,Partly cloudy,4.3,6.8,290,WNW,1017.0,30.03,0.15,0.01,83.0,25.0,24.7,76.5,10.0,6.0,5.0,6.5,10.4,474.0,75.1,0.8,0.4,9.3,12.1,1.0,1.0,06:46 AM,06:55 PM,03:05 PM,02:42 AM,Waxing Gibbous,75.0,2024-06-01,6,-2.23747036209576,True
Czech Republic,Prague,50.08,14.47,Europe/Prague,1718718300,2024-06-18 15:45,28.8,83.8,Sunny,4.7,7.6,168,SSE,1014.0,29.94,0.0,0.0,41.0,23.0,28.7,83.7,10.0,6.0,7.0,5.4,8.7,180.2,88.7,3.2,1.7,1.5,2.1,1.0,1.0,04:52 AM,09:15 PM,05:49 PM,02:14 AM,Waxing Gibbous,83.0,2024-06-01,6,2.0476757314974754,True
Sierra Leone,Freetown,8.49,-13.23,Africa/Freetown,1718719200,2024-06-18 14:00,23.9,75.1,Heavy rain,6.9,11.2,170,S,1012.0,29.89,10.66,0.42,96.0,100.0,26.6,79.9,5.0,3.0,5.0,10.6,17.1,357.2,44.4,0.4,0.4,0.9,1.5,1.0,1.0,06:35 AM,07:13 PM,04:11 PM,03:24 AM,Waxing Gibbous,83.0,2024-06-01,6,-3.0731742349079973,True
Timor-Leste,Dili,-8.56,125.57,Asia/Dili,1718719200,2024-06-18 23:00,22.5,72.6,Clear,6.7,10.8,146,SSE,1013.0,29.92,0.0,0.0,64.0,0.0,24.8,76.6,10.0,6.0,1.0,10.4,16.8,253.7,39.7,0.7,0.2,4.7,11.8,1.0,1.0,06:50 AM,06:27 PM,03:15 PM,03:12 AM,Waxing Gibbous,83.0,2024-06-01,6,-2.057429109231296,True
Tunisia,Tunis,36.8,10.18,Africa/Tunis,1718719200,2024-06-18 15:00,38.0,100.3,Sunny,18.3,29.5,141,SE,1013.0,29.91,0.0,0.0,21.0,7.0,37.3,99.1,10.0,6.0,9.0,21.3,34.3,227.0,150.2,3.8,6.4,15.3,50.4,1.0,2.0,05:00 AM,07:41 PM,04:26 PM,02:04 AM,Waxing Gibbous,83.0,2024-06-01,6,2.3279547475453763,True
Austria,Vienna,48.2,16.37,Europe/Vienna,1718804700,2024-06-19 15:45,31.1,87.9,Sunny,3.8,6.1,47,NE,1012.0,29.88,0.0,0.0,47.0,10.0,32.7,90.8,10.0,6.0,8.0,4.4,7.1,201.9,167.4,4.1,6.2,13.4,15.3,1.0,2.0,04:54 AM,08:58 PM,06:48 PM,02:32 AM,Waxing Gibbous,90.0,2024-06-01,6,2.053191060638271,True
Bangladesh,Dhaka,23.72,90.41,Asia/Dhaka,1718804700,2024-06-19 19:45,26.1,79.0,Clear,10.3,16.6,167,SSE,998.0,29.47,0.0,0.0,81.0,7.0,28.8,83.8,10.0,6.0,1.0,15.5,25.0,500.7,45.8,15.4,6.6,14.8,18.3,1.0,2.0,05:12 AM,06:48 PM,04:23 PM,02:34 AM,Waxing Gibbous,90.0,2024-06-01,6,-2.0737306423266864,True
Belarus,Minsk,53.9,27.57,Europe/Minsk,1718804700,2024-06-19 16:45,28.3,82.9,Partly cloudy,13.6,22.0,220,SW,1010.0,29.83,0.02,0.0,48.0,25.0,32.7,90.9,10.0,6.0,5.0,21.8,35.1,176.9,83.7,2.4,0.7,1.2,1.3,1.0,1.0,04:37 AM,09:45 PM,07:34 PM,02:21 AM,Waxing Gibbous,90.0,2024-06-01,6,2.1675721172114257,True
Canada,Ottawa,45.42,-75.7,America/Toronto,1718804700,2024-06-19 09:45,29.2,84.6,Partly cloudy,8.1,13.0,220,SW,1023.0,30.21,0.0,0.0,70.0,50.0,36.7,98.1,24.0,14.0,7.0,12.0,19.3,290.4,44.4,5.2,1.2,16.2,17.1,2.0,2.0,05:14 AM,08:55 PM,07:03 PM,02:58 AM,Waxing Gibbous,90.0,2024-06-01,6,2.5697774758756657,True
Costa Rica,San Ignacio,9.8,-84.17,America/Costa_Rica,1718804700,2024-06-19 07:45,19.1,66.3,Mist,2.2,3.6,33,NNE,1013.0,29.91,0.04,0.0,96.0,71.0,19.1,66.3,2.0,1.0,4.0,6.7,10.8,1121.5,0.5,15.1,8.0,47.0,48.1,3.0,5.0,05:17 AM,05:59 PM,04:01 PM,02:58 AM,Waxing Gibbous,90.0,2024-06-01,6,-2.087700387475035,True
El Salvador,San Salvador,13.71,-89.2,America/El_Salvador,1718804700,2024-06-19 07:45,20.1,68.2,Heavy rain,3.6,5.8,101,ESE,1009.0,29.79,8.19,0.32,100.0,100.0,20.1,68.2,5.0,3.0,5.0,6.0,9.6,270.4,6.3,5.6,4.7,6.3,8.9,1.0,1.0,05:31 AM,06:26 PM,04:29 PM,03:12 AM,Waxing Gibbous,90.0,2024-06-01,6,-2.005357805049823,True
Panama,Panama City,8.97,-79.53,America/Panama,1718804700,2024-06-19 08:45,25.1,77.3,Light rain shower,2.9,4.7,333,NNW,1010.0,29.82,0.25,0.01,90.0,65.0,28.0,82.4,10.0,6.0,6.0,4.5,7.2,1001.4,0.2,12.0,18.8,15.4,17.2,1.0,2.0,06:00 AM,06:39 PM,04:40 PM,03:41 AM,Waxing Gibbous,90.0,2024-06-01,6,-2.074214160755607,True
South Korea,Seoul,37.57,127.0,Asia/Seoul,1718804700,2024-06-19 22:45,28.1,82.5,Clear,3.6,5.8,253,WSW,1007.0,29.73,0.0,0.0,41.0,7.0,28.0,82.4,10.0,6.0,1.0,6.2,10.0,921.3,0.0,96.0,31.5,32.4,40.4,2.0,3.0,05:11 AM,07:56 PM,05:25 PM,02:35 AM,Waxing Gibbous,90.0,2024-06-01,6,2.650014192820445,True
Switzerland,Bern,46.92,7.47,Europe/Zurich,1718805600,2024-06-19 16:00,30.1,86.2,Sunny,8.1,13.0,290,WNW,1015.0,29.97,0.3,0.01,40.0,0.0,32.0,89.6,10.0,6.0,6.0,12.5,20.2,191.9,110.2,2.0,1.2,6.9,10.4,1.0,1.0,05:35 AM,09:28 PM,07:20 PM,03:14 AM,Waxing Gibbous,90.0,2024-06-01,6,2.448266895466166,True
Timor-Leste,Dili,-8.56,125.57,Asia/Dili,1718805600,2024-06-19 23:00,22.4,72.4,Clear,6.3,10.1,160,SSE,1012.0,29.89,0.0,0.0,65.0,0.0,24.7,76.5,10.0,6.0,1.0,9.6,15.5,247.0,42.9,0.5,0.1,2.3,5.6,1.0,1.0,06:50 AM,06:28 PM,03:59 PM,04:01 AM,Waxing Gibbous,90.0,2024-06-01,6,-2.151260692633392,True
Tunisia,Tunis,36.8,10.18,Africa/Tunis,1718805600,2024-06-19 15:00,39.5,103.0,Sunny,14.1,22.7,145,SE,1013.0,29.92,0.0,0.0,19.0,6.0,39.1,102.4,10.0,6.0,9.0,17.3,27.9,227.0,125.9,2.6,3.7,23.0,95.0,2.0,2.0,05:00 AM,07:42 PM,05:31 PM,02:34 AM,Waxing Gibbous,90.0,2024-06-01,6,2.7147940260485934,True
Vatican City,Vatican City,41.9,12.45,Europe/Rome,1718891100,2024-06-20 15:45,36.9,98.5,Sunny,10.1,16.2,241,WSW,1016.0,30.02,0.0,0.0,18.0,8.0,35.6,96.1,10.0,6.0,9.0,11.6,18.6,297.1,180.2,5.0,1.2,28.7,40.1,2.0,3.0,05:35 AM,08:49 PM,07:48 PM,03:44 AM,Waxing Gibbous,95.0,2024-06-01,6,2.5865653474296355,True
Italy,Rome,41.9,12.48,Europe/Rome,1718891100,2024-06-20 15:45,36.9,98.5,Sunny,10.1,16.2,241,WSW,1016.0,30.02,0.0,0.0,18.0,8.0,35.6,96.1,10.0,6.0,9.0,11.6,18.6,297.1,180.2,5.0,1.2,28.7,40.1,2.0,3.0,05:35 AM,08:49 PM,07:48 PM,03:44 AM,Waxing Gibbous,95.0,2024-06-01,6,2.5527860665340016,True
Kenya,Nairobi,-1.28,36.82,Africa/Nairobi,1718891100,2024-06-20 16:45,16.3,61.3,Light rain shower,6.5,10.4,120,ESE,1018.0,30.06,0.15,0.01,89.0,52.0,16.3,61.3,10.0,6.0,5.0,8.1,13.0,754.4,28.6,9.4,5.5,11.7,26.9,1.0,1.0,06:33 AM,06:36 PM,05:12 PM,04:48 AM,Waxing Gibbous,95.0,2024-06-01,6,-3.1961596688097718,True
Nicaragua,Managua,12.15,-86.27,America/Managua,1718891100,2024-06-20 07:45,23.4,74.1,Moderate rain,6.5,10.4,111,ESE,1010.0,29.82,2.55,0.1,96.0,100.0,25.9,78.6,7.0,4.0,5.0,8.1,13.1,283.7,15.7,2.7,12.3,5.4,6.8,1.0,1.0,05:22 AM,06:12 PM,05:12 PM,03:52 AM,Waxing Gibbous,95.0,2024-06-01,6,-2.247842699577005,True
Russia,Moscow,55.75,37.62,Europe/Moscow,1718891100,2024-06-20 16:45,13.0,55.4,Light rain,21.7,34.9,310,NW,1002.0,29.59,0.05,0.0,88.0,75.0,10.8,51.5,9.0,5.0,3.0,26.2,42.1,227.0,38.3,24.3,14.2,4.8,5.7,1.0,1.0,03:45 AM,09:18 PM,08:31 PM,01:46 AM,Waxing Gibbous,95.0,2024-06-01,6,-2.7232710862794356,True
San Marino,San Marino,43.93,12.45,Europe/Rome,1718891100,2024-06-20 15:45,30.3,86.5,Sunny,6.9,11.2,70,ENE,1018.0,30.06,0.0,0.0,52.0,0.0,34.3,93.7,10.0,6.0,7.0,11.2,18.0,181.9,134.5,0.7,1.4,19.1,23.7,2.0,2.0,05:28 AM,08:56 PM,07:57 PM,03:36 AM,Waxing Gibbous,95.0,2024-06-01,6,2.395798233702054,True
Solomon Islands,Honiara,-9.43,159.95,Pacific/Guadalcanal,1718891100,2024-06-21 00:45,24.5,76.1,Light rain shower,7.8,12.6,127,SE,1011.0,29.86,0.79,0.03,94.0,76.0,27.3,81.1,10.0,6.0,1.0,10.7,17.3,217.0,19.9,0.5,0.3,0.5,0.6,1.0,1.0,06:34 AM,06:09 PM,04:24 PM,04:33 AM,Waxing Gibbous,95.0,2024-06-01,6,-2.214612671285789,True
Tunisia,Tunis,36.8,10.18,Africa/Tunis,1718891100,2024-06-20 14:45,38.1,100.6,Sunny,8.1,13.0,50,NE,1014.0,29.94,0.0,0.0,20.0,0.0,37.2,99.0,10.0,6.0,9.0,14.7,23.6,230.3,144.5,2.7,7.3,23.9,62.3,2.0,2.0,05:00 AM,07:42 PM,06:37 PM,03:11 AM,Waxing Gibbous,95.0,2024-06-01,6,2.3537440327789243,True
Albania,Tirana,41.33,19.82,Europe/Tirane,1718976600,2024-06-21 15:30,38.2,100.8,Sunny,9.4,15.1,300,WNW,1013.0,29.91,0.0,0.0,35.0,0.0,41.3,106.4,10.0,6.0,8.0,13.9,22.3,193.6,120.2,3.7,4.2,18.3,38.3,2.0,2.0,05:08 AM,08:17 PM,08:20 PM,03:59 AM,Full Moon,99.0,2024-06-01,6,2.5230232065713634,True
Austria,Vienna,48.2,16.37,Europe/Vienna,1718976600,2024-06-21 15:30,31.1,88.0,Partly cloudy,15.0,24.1,120,ESE,1013.0,29.91,0.0,0.0,59.0,75.0,33.0,91.5,10.0,6.0,8.0,16.2,26.1,210.3,95.8,6.9,5.0,11.4,16.8,1.0,1.0,04:54 AM,08:59 PM,09:12 PM,03:38 AM,Full Moon,99.0,2024-06-01,6,2.053191060638271,True
Bahrain,Manama,26.24,50.58,Asia/Bahrain,1718976600,2024-06-21 16:30,41.3,106.3,Sunny,5.6,9.0,100,E,995.0,29.38,0.0,0.0,34.0,0.0,43.3,109.9,10.0,6.0,9.0,16.0,25.7,267.0,231.7,1.2,36.2,61.6,91.2,3.0,8.0,04:46 AM,06:33 PM,06:18 PM,03:43 AM,Full Moon,99.0,2024-06-01,6,2.5243945775751793,True
Congo,Brazzaville,-4.26,15.28,Africa/Brazzaville,1718976600,2024-06-21 14:30,24.2,75.6,Overcast,4.3,6.8,230,SW,1013.0,29.91,0.0,0.0,78.0,100.0,23.5,74.3,6.0,3.0,10.0,8.7,14.0,480.7,75.8,0.8,0.4,24.2,36.5,2.0,3.0,06:04 AM,05:57 PM,05:32 PM,05:20 AM,Full Moon,99.0,2024-06-01,6,-2.3785906546280544,True
Czech Republic,Prague,50.08,14.47,Europe/Prague,1718976600,2024-06-21 15:30,30.4,86.7,Sunny,8.1,13.0,70,ENE,1013.0,29.91,0.02,0.0,55.0,0.0,32.1,89.8,10.0,6.0,7.0,13.4,21.5,213.6,117.3,4.0,3.0,8.7,10.3,1.0,1.0,04:52 AM,09:16 PM,09:32 PM,03:34 AM,Full Moon,99.0,2024-06-01,6,2.4486534269787716,True
Democratic Republic of Congo,Kinshasa,-4.3,15.3,Africa/Brazzaville,1718976600,2024-06-21 14:30,24.2,75.6,Overcast,4.3,6.8,230,SW,1013.0,29.91,0.0,0.0,78.0,100.0,23.5,74.3,6.0,3.0,10.0,8.7,14.0,480.7,75.8,0.8,0.4,24.2,36.5,2.0,3.0,06:04 AM,05:57 PM,05:32 PM,05:20 AM,Full Moon,99.0,2024-06-01,6,-2.3262033040612216,True
Djibouti,Djibouti,11.6,43.15,Africa/Djibouti,1718976600,2024-06-21 16:30,45.0,113.0,Mist,13.6,22.0,140,SE,1001.0,29.56,0.0,0.0,28.0,50.0,47.0,116.6,8.0,4.0,8.0,16.4,26.4,230.3,83.0,0.4,0.5,24.0,71.3,2.0,3.0,05:45 AM,06:33 PM,06:11 PM,04:49 AM,Full Moon,99.0,2024-06-01,6,4.125672061480296,True
Vatican City,Vatican City,41.9,12.45,Europe/Rome,1718976600,2024-06-21 15:30,36.3,97.3,Sunny,9.4,15.1,220,SW,1014.0,29.94,0.37,0.01,22.0,0.0,36.1,96.9,7.0,4.0,7.0,12.3,19.9,198.6,86.6,1.1,0.3,25.6,124.4,2.0,3.0,05:35 AM,08:49 PM,08:54 PM,04:26 AM,Full Moon,99.0,2024-06-01,6,2.4349453270639065,True
India,New Delhi,28.6,77.2,Asia/Kolkata,1718976600,2024-06-21 19:00,31.1,88.0,Mist,4.3,6.8,300,WNW,998.0,29.47,0.0,0.0,63.0,50.0,28.9,83.9,2.5,1.0,1.0,9.1,14.6,417.2,90.8,13.0,10.5,25.3,76.3,2.0,3.0,05:24 AM,07:22 PM,07:04 PM,04:15 AM,Full Moon,99.0,2024-06-01,6,-2.587846946720722,True
Italy,Rome,41.9,12.48,Europe/Rome,1718976600,2024-06-21 15:30,36.3,97.3,Sunny,9.4,15.1,220,SW,1014.0,29.94,0.37,0.01,22.0,0.0,36.1,96.9,7.0,4.0,7.0,12.3,19.9,198.6,86.6,1.1,0.3,25.6,124.4,2.0,3.0,05:35 AM,08:49 PM,08:53 PM,04:26 AM,Full Moon,99.0,2024-06-01,6,2.401847049929926,True
Malta,Valletta,35.9,14.51,Europe/Malta,1718976600,2024-06-21 15:30,35.2,95.4,Sunny,9.4,15.1,10,N,1015.0,29.97,0.0,0.0,28.0,0.0,49.6,121.3,10.0,6.0,7.0,20.0,32.2,181.9,95.8,1.2,1.5,17.9,31.1,2.0,2.0,05:46 AM,08:22 PM,08:20 PM,04:41 AM,Full Moon,99.0,2024-06-01,6,2.8476778810211343,True
Marshall Islands,Majuro,7.1,171.38,Pacific/Majuro,1718977500,2024-06-22 01:45,26.1,79.0,Light rain,4.3,6.8,130,SE,1011.0,29.84,1.7,0.07,89.0,100.0,28.7,83.7,9.7,6.0,1.0,23.5,37.9,150.2,21.1,0.0,0.1,1.5,4.0,1.0,1.0,06:20 AM,06:52 PM,06:07 PM,05:07 AM,Full Moon,99.0,2024-06-01,6,-3.5381349023162647,True
Mauritania,Nouakchott,18.09,-15.98,Africa/Nouakchott,1718977500,2024-06-21 13:45,33.9,93.0,Sunny,12.1,19.4,23,NNE,1011.0,29.85,0.0,0.0,28.0,10.0,33.3,91.9,10.0,6.0,8.0,25.4,40.8,217.0,75.8,0.6,0.8,154.1,941.8,5.0,10.0,06:29 AM,07:43 PM,07:34 PM,05:40 AM,Full Moon,99.0,2024-06-01,6,2.3876494719510983,True
Montenegro,Podgorica,42.44,19.26,Europe/Podgorica,1718977500,2024-06-21 15:45,38.2,100.8,Sunny,8.1,13.0,200,SSW,1013.0,29.91,0.0,0.0,27.0,0.0,45.6,114.0,10.0,6.0,8.0,12.5,20.2,178.6,90.1,0.4,1.2,14.4,52.4,1.0,2.0,05:06 AM,08:24 PM,08:28 PM,03:56 AM,Full Moon,99.0,2024-06-01,6,2.1841545788094474,True
Niger,Niamey,13.52,2.12,Africa/Niamey,1718977500,2024-06-21 14:45,32.3,90.1,Sunny,11.9,19.1,270,W,1011.0,29.85,0.0,0.0,38.0,0.0,31.4,88.6,10.0,6.0,9.0,16.3,26.3,447.3,45.8,0.4,0.6,7.4,19.6,1.0,1.0,06:25 AM,07:21 PM,07:07 PM,05:36 AM,Full Moon,99.0,2024-06-01,6,-2.1906869223359533,True
North Korea,Pyongyang,39.02,125.75,Asia/Pyongyang,1718977500,2024-06-21 22:45,23.9,75.1,Clear,2.2,3.6,17,NNE,1002.0,29.58,0.0,0.0,57.0,5.0,25.3,77.6,10.0,6.0,1.0,6.7,10.8,293.7,78.0,6.0,3.1,33.0,41.5,2.0,3.0,05:12 AM,08:06 PM,07:48 PM,03:50 AM,Full Moon,99.0,2024-06-01,6,2.009225284579575,True
Pakistan,Islamabad,33.7,73.17,Asia/Karachi,1718977500,2024-06-21 18:45,29.7,85.5,Patchy rain nearby,11.9,19.1,28,NNE,999.0,29.51,1.51,0.06,40.0,71.0,29.7,85.5,9.0,5.0,6.0,14.2,22.9,1682.3,120.2,96.0,5.4,26.4,39.2,2.0,3.0,04:57 AM,07:21 PM,07:08 PM,03:47 AM,Full Moon,99.0,2024-06-01,6,-2.0785635509399962,True
United Kingdom,London,51.52,-0.11,Europe/London,1718977500,2024-06-21 14:45,24.0,75.2,Sunny,12.5,20.2,270,W,1012.0,29.88,0.0,0.0,41.0,0.0,25.1,77.3,10.0,6.0,5.0,17.0,27.4,171.9,120.2,8.9,7.2,6.8,8.1,1.0,1.0,04:43 AM,09:22 PM,09:44 PM,03:24 AM,Full Moon,99.0,2024-06-01,6,2.0361295856091988,True
Venezuela,Caracas,10.5,-66.92,America/Caracas,1718977500,2024-06-21 09:45,23.7,74.6,Light rain,6.9,11.2,110,ESE,1015.0,29.98,0.3,0.01,79.0,75.0,25.6,78.1,9.0,5.0,5.0,11.4,18.4,267.0,16.5,16.8,26.2,3.1,3.3,1.0,1.0,06:07 AM,06:52 PM,06:48 PM,05:30 AM,Full Moon,99.0,2024-06-01,6,-2.1616425429238517,True
Bosnia and Herzegovina,Sarajevo,43.85,18.38,Europe/Sarajevo,1719063900,2024-06-22 15:45,35.4,95.7,Sunny,10.5,16.9,310,NW,1009.0,29.8,0.0,0.0,28.0,0.0,37.0,98.6,10.0,6.0,8.0,12.3,19.9,186.9,73.7,0.8,5.8,18.5,78.3,2.0,2.0,05:05 AM,08:32 PM,09:37 PM,04:46 AM,Full Moon,100.0,2024-06-01,6,2.2922108130864545,True
Ethiopia,Addis Ababa,9.03,38.7,Africa/Addis_Ababa,1719063900,2024-06-22 16:45,16.1,61.0,Moderate or heavy rain with thunder,9.4,15.1,290,WNW,1024.0,30.24,0.67,0.03,88.0,100.0,16.1,61.0,7.0,4.0,4.0,13.9,22.3,634.2,40.1,1.5,1.6,16.9,89.8,2.0,2.0,06:08 AM,06:47 PM,07:24 PM,06:12 AM,Full Moon,100.0,2024-06-01,6,-2.0893207553760678,True
Grenada,Saint George's,12.05,-61.75,America/Grenada,1719063900,2024-06-22 09:45,27.1,80.8,Partly cloudy,2.2,3.6,10,N,1013.0,29.91,0.28,0.01,89.0,25.0,30.5,86.9,10.0,6.0,6.0,13.3,21.4,257.0,21.3,1.2,0.9,2.4,5.2,1.0,1.0,05:44 AM,06:34 PM,07:30 PM,06:03 AM,Full Moon,100.0,2024-06-01,6,-2.053662025228928,True
Guinea-Bissau,Bissau,11.85,-15.58,Africa/Bissau,1719063900,2024-06-22 13:45,27.3,81.1,Partly cloudy,4.3,6.8,40,NE,1012.0,29.88,0.0,0.0,74.0,25.0,29.8,85.6,8.0,4.0,7.0,7.2,11.6,247.0,32.2,0.2,0.4,1.5,2.5,1.0,1.0,06:40 AM,07:29 PM,08:16 PM,06:51 AM,Full Moon,100.0,2024-06-01,6,-2.0176282281020717,True
Malta,Valletta,35.9,14.51,Europe/Malta,1719063900,2024-06-22 15:45,34.1,93.4,Sunny,4.3,6.8,80,E,1011.0,29.85,0.0,0.0,44.0,0.0,48.3,119.0,10.0,6.0,7.0,19.1,30.7,198.6,90.8,1.4,1.4,32.5,63.4,2.0,3.0,05:46 AM,08:22 PM,09:19 PM,05:37 AM,Full Moon,100.0,2024-06-01,6,2.4505673524875498,True
Mauritania,Nouakchott,18.09,-15.98,Africa/Nouakchott,1719063900,2024-06-22 13:45,33.8,92.8,Sunny,8.3,13.3,358,N,1010.0,29.82,0.0,0.0,29.0,15.0,33.3,92.0,10.0,6.0,8.0,17.4,28.0,303.8,84.4,1.0,1.6,68.6,313.6,4.0,9.0,06:29 AM,07:43 PM,08:33 PM,06:38 AM,Full Moon,100.0,2024-06-01,6,2.3557025851011626,True
Samoa,Apia,-13.83,-171.73,Pacific/Apia,1719063900,2024-06-23 02:45,29.0,84.2,Partly cloudy,10.5,16.9,150,SSE,1014.0,29.94,0.03,0.0,84.0,75.0,32.4,90.4,10.0,6.0,1.0,24.5,39.5,217.0,58.7,0.3,0.2,2.8,15.5,1.0,1.0,06:50 AM,06:08 PM,06:09 PM,06:41 AM,Full Moon,100.0,2024-06-01,6,2.0848632311044573,True
Serbia,Belgrade,44.8,20.47,Europe/Belgrade,1719063900,2024-06-22 15:45,37.3,99.1,Sunny,11.9,19.1,100,E,1006.0,29.71,0.13,0.01,35.0,0.0,37.8,100.0,10.0,6.0,8.0,16.3,26.3,193.6,80.1,1.0,1.5,19.2,68.5,2.0,2.0,04:52 AM,08:28 PM,09:33 PM,04:33 AM,Full Moon,100.0,2024-06-01,6,2.126829755229867,True
Tuvalu,Funafuti,-8.52,179.22,Pacific/Funafuti,1719063900,2024-06-23 01:45,25.1,77.2,Moderate or heavy rain with thunder,4.3,6.8,90,E,1008.0,29.77,2.61,0.1,100.0,100.0,27.1,80.9,9.0,5.0,1.0,29.1,46.8,200.3,23.3,0.0,0.1,1.4,3.4,1.0,1.0,06:16 AM,05:54 PM,05:59 PM,06:06 AM,Full Moon,100.0,2024-06-01,6,-3.2720020282581097,True
Belgium,Brussels,50.83,4.33,Europe/Brussels,1719150300,2024-06-23 15:45,22.1,71.8,Partly cloudy,3.8,6.1,290,WNW,1020.0,30.12,0.0,0.0,61.0,50.0,24.6,76.2,10.0,6.0,5.0,5.5,8.8,175.2,95.8,4.5,2.8,4.4,5.2,1.0,1.0,05:30 AM,10:00 PM,11:57 PM,06:11 AM,Waning Gibbous,99.0,2024-06-01,6,2.0792188468621466,True
Ethiopia,Addis Ababa,9.03,38.7,Africa/Addis_Ababa,1719150300,2024-06-23 16:45,15.2,59.4,Moderate rain at times,7.2,11.5,314,NW,1014.0,29.95,5.04,0.2,85.0,58.0,15.2,59.4,8.0,4.0,4.0,9.4,15.2,1068.1,44.7,1.7,2.5,25.3,108.6,2.0,3.0,06:08 AM,06:47 PM,08:22 PM,07:13 AM,Waning Gibbous,99.0,2024-06-01,6,-2.360213010728763,True
Honduras,Tegucigalpa,14.1,-87.22,America/Tegucigalpa,1719150300,2024-06-23 07:45,19.0,66.2,Mist,3.8,6.1,240,WSW,1019.0,30.09,0.0,0.0,94.0,75.0,19.0,66.2,7.0,4.0,6.0,8.3,13.3,807.8,3.3,9.7,1.6,25.2,29.7,2.0,3.0,05:23 AM,06:20 PM,08:16 PM,06:47 AM,Waning Gibbous,99.0,2024-06-01,6,-2.048879426005069,True
Morocco,Rabat,34.03,-6.84,Africa/Casablanca,1719150300,2024-06-23 14:45,28.4,83.1,Sunny,9.4,15.1,360,N,1010.0,29.83,0.0,0.0,51.0,0.0,29.8,85.7,8.0,4.0,7.0,15.7,25.3,171.9,107.3,0.3,0.9,11.3,25.8,1.0,1.0,06:17 AM,08:42 PM,10:32 PM,07:18 AM,Waning Gibbous,99.0,2024-06-01,6,2.912247519970142,True
Belgium,'S Gravenjansdijk,51.25,3.63,Europe/Brussels,1719150300,2024-06-23 15:45,24.2,75.6,Sunny,9.4,15.1,300,WNW,1020.0,30.12,0.0,0.0,54.0,0.0,25.8,78.5,10.0,6.0,5.0,12.0,19.3,165.2,107.3,2.1,1.6,3.4,3.9,1.0,1.0,05:30 AM,10:05 PM,No moonrise,06:11 AM,Waning Gibbous,99.0,2024-06-01,6,2.921273139970475,True
Somalia,Mogadishu,2.07,45.37,Africa/Mogadishu,1719150300,2024-06-23 16:45,24.1,75.4,Overcast,25.5,41.0,210,SSW,1012.0,29.88,0.03,0.0,94.0,100.0,26.0,78.7,10.0,6.0,6.0,29.4,47.4,212.0,51.5,0.1,0.1,2.0,4.0,1.0,1.0,05:54 AM,06:08 PM,07:41 PM,07:00 AM,Waning Gibbous,99.0,2024-06-01,6,-3.1519179807880104,True
Venezuela,Caracas,10.5,-66.92,America/Caracas,1719150300,2024-06-23 09:45,23.1,73.6,Patchy light drizzle,2.7,4.3,160,SSE,1015.0,29.98,0.21,0.01,79.0,80.0,25.2,77.3,5.0,3.0,5.0,3.1,5.0,290.4,8.6,14.2,26.0,4.0,4.4,1.0,1.0,06:08 AM,06:52 PM,08:44 PM,07:31 AM,Waning Gibbous,99.0,2024-06-01,6,-2.4787350089699256,True
Barbados,Bridgetown,13.1,-59.62,America/Barbados,1719236700,2024-06-24 09:45,26.0,78.8,Overcast,17.4,28.1,70,ENE,1014.0,29.94,0.01,0.0,94.0,75.0,28.0,82.3,10.0,6.0,6.0,25.1,40.4,213.6,20.9,1.9,2.2,2.0,4.8,1.0,1.0,05:34 AM,06:28 PM,09:12 PM,07:57 AM,Waning Gibbous,95.0,2024-06-01,6,-2.7517567857854535,True
Belgium,Brussels,50.83,4.33,Europe/Brussels,1719236700,2024-06-24 15:45,25.2,77.4,Sunny,3.8,6.1,80,E,1019.0,30.09,0.0,0.0,47.0,0.0,26.1,78.9,10.0,6.0,6.0,6.3,10.2,178.6,148.8,4.2,2.9,9.1,10.3,1.0,1.0,05:30 AM,10:00 PM,No moonrise,07:33 AM,Waning Gibbous,95.0,2024-06-01,6,3.3222513747839653,True
Bolivia,Sucre,-19.04,-65.26,America/La_Paz,1719236700,2024-06-24 09:45,6.0,42.8,Sunny,9.4,15.1,240,WSW,1043.0,30.8,0.0,0.0,39.0,0.0,5.0,40.9,10.0,6.0,5.0,13.9,22.3,223.6,34.3,3.0,1.3,3.2,9.0,1.0,1.0,06:54 AM,05:53 PM,08:41 PM,09:20 AM,Waning Gibbous,95.0,2024-06-01,6,-2.0978628971284534,True
Burkina Faso,Ouagadougou,12.37,-1.52,Africa/Ouagadougou,1719236700,2024-06-24 13:45,27.4,81.3,Partly cloudy,19.2,31.0,110,ESE,1013.0,29.91,0.0,0.0,70.0,25.0,26.9,80.4,10.0,6.0,9.0,23.7,38.2,420.6,31.5,0.5,0.5,4.9,14.1,1.0,1.0,05:43 AM,06:34 PM,09:10 PM,07:56 AM,Waning Gibbous,95.0,2024-06-01,6,-2.7868650188792308,True
Chad,N'djamena,12.11,15.05,Africa/Douala,1719236700,2024-06-24 14:45,31.3,88.3,Sunny,9.4,15.1,180,S,1008.0,29.77,0.0,0.0,63.0,0.0,30.2,86.4,8.0,4.0,9.0,12.3,19.9,400.5,37.6,0.3,0.3,11.9,42.5,1.0,1.0,05:38 AM,06:27 PM,09:01 PM,07:47 AM,Waning Gibbous,95.0,2024-06-01,6,-2.794929839529084,True
France,Paris,48.87,2.33,Europe/Paris,1719236700,2024-06-24 15:45,26.3,79.3,Sunny,8.1,13.0,40,NE,1017.0,30.03,0.0,0.0,45.0,0.0,26.6,79.8,10.0,6.0,6.0,9.0,14.5,180.2,110.2,3.2,1.6,6.4,7.4,1.0,1.0,05:48 AM,09:58 PM,No moonrise,07:52 AM,Waning Gibbous,95.0,2024-06-01,6,2.137327963008293,True
India,New Delhi,28.6,77.2,Asia/Kolkata,1719236700,2024-06-24 19:15,31.1,88.0,Light drizzle,4.3,6.8,180,S,999.0,29.5,0.04,0.0,79.0,75.0,29.9,85.8,3.0,1.0,1.0,8.2,13.2,907.9,197.4,38.7,72.5,95.7,123.8,4.0,10.0,05:25 AM,07:23 PM,09:47 PM,07:20 AM,Waning Gibbous,95.0,2024-06-01,6,-2.587846946720722,True
Ireland,Dublin,53.33,-6.25,Europe/Dublin,1719236700,2024-06-24 14:45,23.2,73.8,Partly cloudy,6.9,11.2,130,SE,1016.0,30.0,0.02,0.0,65.0,75.0,25.1,77.1,10.0,6.0,5.0,11.4,18.4,180.2,95.8,5.9,5.8,6.2,10.6,1.0,1.0,04:58 AM,09:57 PM,No moonrise,07:02 AM,Waning Gibbous,95.0,2024-06-01,6,3.2483086160681105,True
Luxembourg,Luxembourg,49.61,6.13,Europe/Luxembourg,1719236700,2024-06-24 15:45,24.2,75.6,Sunny,10.5,16.9,60,ENE,1018.0,30.06,0.0,0.0,50.0,0.0,25.7,78.2,10.0,6.0,6.0,15.0,24.1,168.6,103.0,1.5,0.7,5.0,5.6,1.0,1.0,05:29 AM,09:47 PM,No moonrise,07:32 AM,Waning Gibbous,95.0,2024-06-01,6,2.4230959707933035,True
Morocco,Rabat,34.03,-6.84,Africa/Casablanca,1719236700,2024-06-24 14:45,27.3,81.1,Sunny,10.5,16.9,270,W,1007.0,29.74,0.0,0.0,62.0,0.0,29.6,85.3,8.0,4.0,6.0,14.8,23.8,170.2,104.4,0.3,0.7,10.1,26.2,1.0,1.0,06:17 AM,08:42 PM,11:16 PM,08:27 AM,Waning Gibbous,95.0,2024-06-01,6,2.320615253525758,True
Netherlands,Amsterdam,52.37,4.89,Europe/Amsterdam,1719236700,2024-06-24 15:45,24.2,75.6,Partly cloudy,3.8,6.1,100,E,1019.0,30.09,0.0,0.0,50.0,25.0,25.2,77.4,10.0,6.0,6.0,8.3,13.3,166.9,93.0,5.2,0.7,2.9,4.0,1.0,1.0,05:19 AM,10:07 PM,12:05 AM,07:21 AM,Waning Gibbous,95.0,2024-06-01,6,2.2127489699188874,True
Niger,Niamey,13.52,2.12,Africa/Niamey,1719236700,2024-06-24 14:45,30.4,86.7,Patchy light rain with thunder,12.5,20.2,230,SW,1008.0,29.77,0.0,0.0,52.0,25.0,30.1,86.3,10.0,6.0,8.0,17.0,27.4,367.2,40.8,0.3,0.3,13.9,58.6,1.0,2.0,06:26 AM,07:22 PM,09:57 PM,08:38 AM,Waning Gibbous,95.0,2024-06-01,6,-2.8238517771074445,True
Nigeria,Abuja,9.18,7.18,Africa/Lagos,1719236700,2024-06-24 14:45,23.2,73.8,Partly cloudy,4.3,6.8,130,SE,1011.0,29.85,0.16,0.01,94.0,25.0,25.0,77.1,10.0,6.0,7.0,5.7,9.1,474.0,27.9,0.5,0.1,1.9,3.4,1.0,1.0,06:14 AM,06:54 PM,09:28 PM,08:25 AM,Waning Gibbous,95.0,2024-06-01,6,-2.7998668060004435,True
Portugal,Lisbon,38.72,-9.13,Europe/Lisbon,1719236700,2024-06-24 14:45,31.1,88.0,Sunny,12.5,20.2,340,NNW,1010.0,29.83,0.0,0.0,46.0,0.0,33.1,91.7,10.0,6.0,7.0,15.2,24.5,171.9,90.8,1.7,1.7,7.7,16.8,1.0,1.0,06:13 AM,09:05 PM,11:38 PM,08:23 AM,Waning Gibbous,95.0,2024-06-01,6,2.032264397279047,True
Belgium,'S Gravenjansdijk,51.25,3.63,Europe/Brussels,1719236700,2024-06-24 15:45,24.4,75.9,Partly cloudy,9.4,15.1,280,W,1019.0,30.09,0.0,0.0,54.0,25.0,25.6,78.0,10.0,6.0,6.0,13.9,22.3,185.3,176.0,3.9,4.8,13.0,14.9,1.0,2.0,05:31 AM,10:05 PM,12:02 AM,07:34 AM,Waning Gibbous,95.0,2024-06-01,6,3.001468786933173,True
Russia,Lom,59.13,44.3,Europe/Moscow,1719236700,2024-06-24 16:45,14.7,58.5,Partly Cloudy,8.3,13.3,344,NNW,1008.0,29.77,0.0,0.0,52.0,37.0,13.9,57.0,10.0,6.0,4.0,10.4,16.7,163.6,48.6,0.1,0.0,0.5,0.5,1.0,1.0,05:21 AM,06:46 PM,09:07 PM,07:14 AM,Waning Gibbous,95.0,2024-06-01,6,-2.1996423699109777,True
United Kingdom,London,51.52,-0.11,Europe/London,1719236700,2024-06-24 14:45,26.3,79.3,Partly cloudy,2.5,4.0,50,NE,1018.0,30.06,0.0,0.0,48.0,50.0,26.7,80.0,10.0,6.0,7.0,10.0,16.2,190.3,157.4,10.9,13.8,12.2,13.4,1.0,2.0,04:44 AM,09:22 PM,11:47 PM,06:48 AM,Waning Gibbous,95.0,2024-06-01,6,2.822874322593854,True
Belize,Belmopan,17.25,-88.77,America/Belize,1719321300,2024-06-25 07:15,23.6,74.5,Fog,2.2,3.6,249,WSW,1013.0,29.92,0.0,0.0,98.0,100.0,26.3,79.3,0.0,0.0,5.0,6.7,10.8,131.9,3.3,0.1,0.1,1.3,1.9,1.0,1.0,05:23 AM,06:32 PM,10:04 PM,08:53 AM,Waning Gibbous,89.0,2024-06-01,6,-2.063786516993435,True
Brazil,Sao Paulo,-23.53,-46.62,America/Sao_Paulo,1719321300,2024-06-25 10:15,17.9,64.3,Patchy rain nearby,7.2,11.5,161,SSE,1022.0,30.18,0.09,0.0,90.0,100.0,17.9,64.3,10.0,6.0,5.0,8.2,13.2,647.5,3.5,38.0,25.0,13.1,35.9,1.0,2.0,06:49 AM,05:30 PM,09:20 PM,09:57 AM,Waning Gibbous,89.0,2024-06-01,6,-4.377886195938106,True
Yemen,Sanaa,15.35,44.21,Asia/Aden,1719321300,2024-06-25 16:15,22.9,73.3,Patchy light rain in area with thunder,6.5,10.4,288,WNW,1008.0,29.76,0.56,0.02,47.0,87.0,24.6,76.3,10.0,6.0,5.0,8.2,13.2,171.9,93.0,2.5,5.7,20.1,61.5,2.0,2.0,05:35 AM,06:37 PM,09:54 PM,08:41 AM,Waning Gibbous,89.0,2024-06-01,6,-2.690465740001782,True
France,Paris,48.87,2.33,Europe/Paris,1719321300,2024-06-25 15:15,28.5,83.4,Partly Cloudy,8.5,13.7,61,ENE,1012.0,29.89,0.0,0.0,43.0,27.0,28.7,83.6,10.0,6.0,7.0,9.8,15.7,175.2,113.0,3.2,1.5,7.2,8.1,1.0,1.0,05:49 AM,09:59 PM,12:25 AM,09:18 AM,Waning Gibbous,89.0,2024-06-01,6,2.7960641330615497,True
Gabon,Libreville,0.38,9.45,Africa/Libreville,1719321300,2024-06-25 14:15,26.5,79.8,Light rain shower,8.3,13.3,274,W,1011.0,29.85,0.2,0.01,75.0,66.0,28.9,84.1,10.0,6.0,6.0,9.9,15.9,547.4,88.0,3.4,5.5,17.3,25.1,2.0,2.0,06:20 AM,06:29 PM,09:58 PM,09:29 AM,Waning Gibbous,89.0,2024-06-01,6,-2.0350179003564017,True
United States of America,New York,40.71,-74.01,America/New_York,1719321300,2024-06-25 09:15,26.1,78.9,Sunny,10.5,16.9,315,NW,1013.0,29.92,0.0,0.0,40.0,5.0,26.1,79.0,10.0,6.0,7.0,12.8,20.6,196.9,57.9,7.5,1.7,1.1,1.9,1.0,1.0,05:27 AM,08:31 PM,11:40 PM,09:06 AM,Waning Gibbous,89.0,2024-06-01,6,4.503085507981037,True
Japan,Tokyo,35.69,139.69,Asia/Tokyo,1719321300,2024-06-25 22:15,27.9,82.2,Patchy rain nearby,8.5,13.7,37,NE,1007.0,29.74,0.01,0.0,60.0,73.0,29.6,85.2,10.0,6.0,1.0,12.7,20.4,627.5,0.1,123.4,35.8,39.3,47.2,2.0,4.0,04:27 AM,07:01 PM,09:56 PM,07:20 AM,Waning Gibbous,89.0,2024-06-01,6,2.487611296730293,True
Kyrghyzstan,Bishkek,42.87,74.6,Asia/Bishkek,1719321300,2024-06-25 19:15,32.6,90.8,Sunny,7.6,12.2,52,NE,1005.0,29.69,0.0,0.0,23.0,4.0,30.9,87.6,10.0,6.0,8.0,8.7,14.1,196.9,84.4,4.5,1.2,3.3,8.6,1.0,1.0,05:24 AM,08:44 PM,11:39 PM,08:33 AM,Waning Gibbous,89.0,2024-06-01,6,2.159344361691459,True
Nepal,Kathmandu,27.72,85.32,Asia/Kathmandu,1719321300,2024-06-25 19:00,21.1,69.9,Heavy rain at times,2.2,3.6,236,WSW,1002.0,29.58,8.96,0.35,93.0,53.0,21.1,69.9,6.0,3.0,1.0,2.7,4.4,567.4,30.8,6.4,1.8,6.3,9.9,1.0,1.0,05:10 AM,07:03 PM,10:08 PM,08:11 AM,Waning Gibbous,89.0,2024-06-01,6,-2.320183413031102,True
Netherlands,Amsterdam,52.37,4.89,Europe/Amsterdam,1719321300,2024-06-25 15:15,26.2,79.2,Sunny,9.2,14.8,57,ENE,1015.0,29.98,0.0,0.0,54.0,11.0,27.1,80.7,10.0,6.0,7.0,10.6,17.0,171.9,130.2,5.7,1.5,9.7,11.3,1.0,1.0,05:20 AM,10:07 PM,12:31 AM,08:51 AM,Waning Gibbous,89.0,2024-06-01,6,2.9152089603693288,True
Pakistan,Islamabad,33.7,73.17,Asia/Karachi,1719321300,2024-06-25 18:15,41.1,105.9,Sunny,6.0,9.7,289,WNW,994.0,29.35,0.0,0.0,13.0,2.0,41.5,106.8,10.0,6.0,10.0,7.0,11.2,627.5,115.9,24.3,2.2,16.4,21.7,2.0,2.0,04:58 AM,07:22 PM,10:24 PM,08:04 AM,Waning Gibbous,89.0,2024-06-01,6,2.1206610405792885,True
